league,season,group,team,position,n_group,win_pct
NFL,2002,NFC,PHI,1,16,0.75
NFL,2002,NFC,TB,2,16,0.75
NFL,2002,NFC,GB,3,16,0.75
NFL,2002,NFC,NYG,4,16,0.625
NFL,2002,NFC,SF,5,16,0.625
NFL,2002,NFC,ATL,6,16,0.5938
NFL,2002,NFC,NO,7,16,0.5625
NFL,2002,NFC,SEA,8,16,0.4375
NFL,2002,NFC,CAR,9,16,0.4375
NFL,2002,NFC,LA,10,16,0.4375
NFL,2002,NFC,WAS,11,16,0.4375
NFL,2002,NFC,MIN,12,16,0.375
NFL,2002,NFC,DAL,13,16,0.3125
NFL,2002,NFC,ARI,14,16,0.3125
NFL,2002,NFC,CHI,15,16,0.25
NFL,2002,NFC,DET,16,16,0.1875
NFL,2002,AFC,LV,1,16,0.6875
NFL,2002,AFC,TEN,2,16,0.6875
NFL,2002,AFC,PIT,3,16,0.6562
NFL,2002,AFC,IND,4,16,0.625
NFL,2002,AFC,MIA,5,16,0.5625
NFL,2002,AFC,DEN,6,16,0.5625
NFL,2002,AFC,NE,7,16,0.5625
NFL,2002,AFC,CLE,8,16,0.5625
NFL,2002,AFC,NYJ,9,16,0.5625
NFL,2002,AFC,KC,10,16,0.5
NFL,2002,AFC,BUF,11,16,0.5
NFL,2002,AFC,LAC,12,16,0.5
NFL,2002,AFC,BAL,13,16,0.4375
NFL,2002,AFC,JAX,14,16,0.375
NFL,2002,AFC,HOU,15,16,0.25
NFL,2002,AFC,CIN,16,16,0.125
NFL,2003,NFC,LA,1,16,0.75
NFL,2003,NFC,PHI,2,16,0.75
NFL,2003,NFC,CAR,3,16,0.6875
NFL,2003,NFC,GB,4,16,0.625
NFL,2003,NFC,SEA,5,16,0.625
NFL,2003,NFC,DAL,6,16,0.625
NFL,2003,NFC,MIN,7,16,0.5625
NFL,2003,NFC,NO,8,16,0.5
NFL,2003,NFC,SF,9,16,0.4375
NFL,2003,NFC,TB,10,16,0.4375
NFL,2003,NFC,CHI,11,16,0.4375
NFL,2003,NFC,WAS,12,16,0.3125
NFL,2003,NFC,DET,13,16,0.3125
NFL,2003,NFC,ATL,14,16,0.3125
NFL,2003,NFC,NYG,15,16,0.25
NFL,2003,NFC,ARI,16,16,0.25
NFL,2003,AFC,NE,1,16,0.875
NFL,2003,AFC,KC,2,16,0.8125
NFL,2003,AFC,IND,3,16,0.75
NFL,2003,AFC,TEN,4,16,0.75
NFL,2003,AFC,BAL,5,16,0.625
NFL,2003,AFC,DEN,6,16,0.625
NFL,2003,AFC,MIA,7,16,0.625
NFL,2003,AFC,CIN,8,16,0.5
NFL,2003,AFC,NYJ,9,16,0.375
NFL,2003,AFC,PIT,10,16,0.375
NFL,2003,AFC,BUF,11,16,0.375
NFL,2003,AFC,JAX,12,16,0.3125
NFL,2003,AFC,CLE,13,16,0.3125
NFL,2003,AFC,HOU,14,16,0.3125
NFL,2003,AFC,LV,15,16,0.25
NFL,2003,AFC,LAC,16,16,0.25
NFL,2004,AFC,PIT,1,16,0.9375
NFL,2004,AFC,NE,2,16,0.875
NFL,2004,AFC,IND,3,16,0.75
NFL,2004,AFC,LAC,4,16,0.75
NFL,2004,AFC,DEN,5,16,0.625
NFL,2004,AFC,NYJ,6,16,0.625
NFL,2004,AFC,BUF,7,16,0.5625
NFL,2004,AFC,BAL,8,16,0.5625
NFL,2004,AFC,JAX,9,16,0.5625
NFL,2004,AFC,CIN,10,16,0.5
NFL,2004,AFC,KC,11,16,0.4375
NFL,2004,AFC,HOU,12,16,0.4375
NFL,2004,AFC,TEN,13,16,0.3125
NFL,2004,AFC,LV,14,16,0.3125
NFL,2004,AFC,MIA,15,16,0.25
NFL,2004,AFC,CLE,16,16,0.25
NFL,2004,NFC,PHI,1,16,0.8125
NFL,2004,NFC,ATL,2,16,0.6875
NFL,2004,NFC,GB,3,16,0.625
NFL,2004,NFC,SEA,4,16,0.5625
NFL,2004,NFC,MIN,5,16,0.5
NFL,2004,NFC,NO,6,16,0.5
NFL,2004,NFC,LA,7,16,0.5
NFL,2004,NFC,CAR,8,16,0.4375
NFL,2004,NFC,WAS,9,16,0.375
NFL,2004,NFC,ARI,10,16,0.375
NFL,2004,NFC,NYG,11,16,0.375
NFL,2004,NFC,DET,12,16,0.375
NFL,2004,NFC,DAL,13,16,0.375
NFL,2004,NFC,TB,14,16,0.3125
NFL,2004,NFC,CHI,15,16,0.3125
NFL,2004,NFC,SF,16,16,0.125
NFL,2005,AFC,IND,1,16,0.875
NFL,2005,AFC,DEN,2,16,0.8125
NFL,2005,AFC,JAX,3,16,0.75
NFL,2005,AFC,PIT,4,16,0.6875
NFL,2005,AFC,CIN,5,16,0.6875
NFL,2005,AFC,KC,6,16,0.625
NFL,2005,AFC,NE,7,16,0.625
NFL,2005,AFC,LAC,8,16,0.5625
NFL,2005,AFC,MIA,9,16,0.5625
NFL,2005,AFC,BAL,10,16,0.375
NFL,2005,AFC,CLE,11,16,0.375
NFL,2005,AFC,BUF,12,16,0.3125
NFL,2005,AFC,LV,13,16,0.25
NFL,2005,AFC,NYJ,14,16,0.25
NFL,2005,AFC,TEN,15,16,0.25
NFL,2005,AFC,HOU,16,16,0.125
NFL,2005,NFC,SEA,1,16,0.8125
NFL,2005,NFC,CAR,2,16,0.6875
NFL,2005,NFC,NYG,3,16,0.6875
NFL,2005,NFC,CHI,4,16,0.6875
NFL,2005,NFC,TB,5,16,0.6875
NFL,2005,NFC,WAS,6,16,0.625
NFL,2005,NFC,DAL,7,16,0.5625
NFL,2005,NFC,MIN,8,16,0.5625
NFL,2005,NFC,ATL,9,16,0.5
NFL,2005,NFC,LA,10,16,0.375
NFL,2005,NFC,PHI,11,16,0.375
NFL,2005,NFC,ARI,12,16,0.3125
NFL,2005,NFC,DET,13,16,0.3125
NFL,2005,NFC,GB,14,16,0.25
NFL,2005,NFC,SF,15,16,0.25
NFL,2005,NFC,NO,16,16,0.1875
NFL,2006,AFC,LAC,1,16,0.875
NFL,2006,AFC,BAL,2,16,0.8125
NFL,2006,AFC,NE,3,16,0.75
NFL,2006,AFC,IND,4,16,0.75
NFL,2006,AFC,NYJ,5,16,0.625
NFL,2006,AFC,KC,6,16,0.5625
NFL,2006,AFC,DEN,7,16,0.5625
NFL,2006,AFC,JAX,8,16,0.5
NFL,2006,AFC,CIN,9,16,0.5
NFL,2006,AFC,PIT,10,16,0.5
NFL,2006,AFC,TEN,11,16,0.5
NFL,2006,AFC,BUF,12,16,0.4375
NFL,2006,AFC,MIA,13,16,0.375
NFL,2006,AFC,HOU,14,16,0.375
NFL,2006,AFC,CLE,15,16,0.25
NFL,2006,AFC,LV,16,16,0.125
NFL,2006,NFC,CHI,1,16,0.8125
NFL,2006,NFC,NO,2,16,0.625
NFL,2006,NFC,PHI,3,16,0.625
NFL,2006,NFC,DAL,4,16,0.5625
NFL,2006,NFC,SEA,5,16,0.5625
NFL,2006,NFC,NYG,6,16,0.5
NFL,2006,NFC,LA,7,16,0.5
NFL,2006,NFC,CAR,8,16,0.5
NFL,2006,NFC,GB,9,16,0.5
NFL,2006,NFC,ATL,10,16,0.4375
NFL,2006,NFC,SF,11,16,0.4375
NFL,2006,NFC,MIN,12,16,0.375
NFL,2006,NFC,WAS,13,16,0.3125
NFL,2006,NFC,ARI,14,16,0.3125
NFL,2006,NFC,TB,15,16,0.25
NFL,2006,NFC,DET,16,16,0.1875
NFL,2007,AFC,NE,1,16,1.0
NFL,2007,AFC,IND,2,16,0.8125
NFL,2007,AFC,LAC,3,16,0.6875
NFL,2007,AFC,JAX,4,16,0.6875
NFL,2007,AFC,PIT,5,16,0.625
NFL,2007,AFC,CLE,6,16,0.625
NFL,2007,AFC,TEN,7,16,0.625
NFL,2007,AFC,HOU,8,16,0.5
NFL,2007,AFC,CIN,9,16,0.4375
NFL,2007,AFC,DEN,10,16,0.4375
NFL,2007,AFC,BUF,11,16,0.4375
NFL,2007,AFC,BAL,12,16,0.3125
NFL,2007,AFC,NYJ,13,16,0.25
NFL,2007,AFC,KC,14,16,0.25
NFL,2007,AFC,LV,15,16,0.25
NFL,2007,AFC,MIA,16,16,0.0625
NFL,2007,NFC,GB,1,16,0.8125
NFL,2007,NFC,DAL,2,16,0.8125
NFL,2007,NFC,SEA,3,16,0.625
NFL,2007,NFC,NYG,4,16,0.625
NFL,2007,NFC,TB,5,16,0.5625
NFL,2007,NFC,WAS,6,16,0.5625
NFL,2007,NFC,MIN,7,16,0.5
NFL,2007,NFC,PHI,8,16,0.5
NFL,2007,NFC,ARI,9,16,0.5
NFL,2007,NFC,NO,10,16,0.4375
NFL,2007,NFC,CHI,11,16,0.4375
NFL,2007,NFC,CAR,12,16,0.4375
NFL,2007,NFC,DET,13,16,0.4375
NFL,2007,NFC,SF,14,16,0.3125
NFL,2007,NFC,ATL,15,16,0.25
NFL,2007,NFC,LA,16,16,0.1875
NFL,2008,NFC,NYG,1,16,0.75
NFL,2008,NFC,CAR,2,16,0.75
NFL,2008,NFC,ATL,3,16,0.6875
NFL,2008,NFC,MIN,4,16,0.625
NFL,2008,NFC,PHI,5,16,0.5938
NFL,2008,NFC,TB,6,16,0.5625
NFL,2008,NFC,CHI,7,16,0.5625
NFL,2008,NFC,ARI,8,16,0.5625
NFL,2008,NFC,DAL,9,16,0.5625
NFL,2008,NFC,NO,10,16,0.5
NFL,2008,NFC,WAS,11,16,0.5
NFL,2008,NFC,SF,12,16,0.4375
NFL,2008,NFC,GB,13,16,0.375
NFL,2008,NFC,SEA,14,16,0.25
NFL,2008,NFC,LA,15,16,0.125
NFL,2008,NFC,DET,16,16,0.0
NFL,2008,AFC,TEN,1,16,0.8125
NFL,2008,AFC,PIT,2,16,0.75
NFL,2008,AFC,IND,3,16,0.75
NFL,2008,AFC,BAL,4,16,0.6875
NFL,2008,AFC,NE,5,16,0.6875
NFL,2008,AFC,MIA,6,16,0.6875
NFL,2008,AFC,NYJ,7,16,0.5625
NFL,2008,AFC,LAC,8,16,0.5
NFL,2008,AFC,HOU,9,16,0.5
NFL,2008,AFC,DEN,10,16,0.5
NFL,2008,AFC,BUF,11,16,0.4375
NFL,2008,AFC,JAX,12,16,0.3125
NFL,2008,AFC,LV,13,16,0.3125
NFL,2008,AFC,CIN,14,16,0.2812
NFL,2008,AFC,CLE,15,16,0.25
NFL,2008,AFC,KC,16,16,0.125
NFL,2009,AFC,IND,1,16,0.875
NFL,2009,AFC,LAC,2,16,0.8125
NFL,2009,AFC,NE,3,16,0.625
NFL,2009,AFC,CIN,4,16,0.625
NFL,2009,AFC,BAL,5,16,0.5625
NFL,2009,AFC,NYJ,6,16,0.5625
NFL,2009,AFC,HOU,7,16,0.5625
NFL,2009,AFC,PIT,8,16,0.5625
NFL,2009,AFC,DEN,9,16,0.5
NFL,2009,AFC,TEN,10,16,0.5
NFL,2009,AFC,MIA,11,16,0.4375
NFL,2009,AFC,JAX,12,16,0.4375
NFL,2009,AFC,BUF,13,16,0.375
NFL,2009,AFC,CLE,14,16,0.3125
NFL,2009,AFC,LV,15,16,0.3125
NFL,2009,AFC,KC,16,16,0.25
NFL,2009,NFC,NO,1,16,0.8125
NFL,2009,NFC,MIN,2,16,0.75
NFL,2009,NFC,GB,3,16,0.6875
NFL,2009,NFC,DAL,4,16,0.6875
NFL,2009,NFC,PHI,5,16,0.6875
NFL,2009,NFC,ARI,6,16,0.625
NFL,2009,NFC,ATL,7,16,0.5625
NFL,2009,NFC,SF,8,16,0.5
NFL,2009,NFC,CAR,9,16,0.5
NFL,2009,NFC,NYG,10,16,0.5
NFL,2009,NFC,CHI,11,16,0.4375
NFL,2009,NFC,SEA,12,16,0.3125
NFL,2009,NFC,WAS,13,16,0.25
NFL,2009,NFC,TB,14,16,0.1875
NFL,2009,NFC,DET,15,16,0.125
NFL,2009,NFC,LA,16,16,0.0625
NFL,2010,NFC,ATL,1,16,0.8125
NFL,2010,NFC,NO,2,16,0.6875
NFL,2010,NFC,CHI,3,16,0.6875
NFL,2010,NFC,GB,4,16,0.625
NFL,2010,NFC,PHI,5,16,0.625
NFL,2010,NFC,NYG,6,16,0.625
NFL,2010,NFC,TB,7,16,0.625
NFL,2010,NFC,LA,8,16,0.4375
NFL,2010,NFC,SEA,9,16,0.4375
NFL,2010,NFC,DET,10,16,0.375
NFL,2010,NFC,SF,11,16,0.375
NFL,2010,NFC,DAL,12,16,0.375
NFL,2010,NFC,MIN,13,16,0.375
NFL,2010,NFC,WAS,14,16,0.375
NFL,2010,NFC,ARI,15,16,0.3125
NFL,2010,NFC,CAR,16,16,0.125
NFL,2010,AFC,NE,1,16,0.875
NFL,2010,AFC,PIT,2,16,0.75
NFL,2010,AFC,BAL,3,16,0.75
NFL,2010,AFC,NYJ,4,16,0.6875
NFL,2010,AFC,IND,5,16,0.625
NFL,2010,AFC,KC,6,16,0.625
NFL,2010,AFC,LAC,7,16,0.5625
NFL,2010,AFC,LV,8,16,0.5
NFL,2010,AFC,JAX,9,16,0.5
NFL,2010,AFC,MIA,10,16,0.4375
NFL,2010,AFC,TEN,11,16,0.375
NFL,2010,AFC,HOU,12,16,0.375
NFL,2010,AFC,CLE,13,16,0.3125
NFL,2010,AFC,CIN,14,16,0.25
NFL,2010,AFC,DEN,15,16,0.25
NFL,2010,AFC,BUF,16,16,0.25
NFL,2011,NFC,GB,1,16,0.9375
NFL,2011,NFC,NO,2,16,0.8125
NFL,2011,NFC,SF,3,16,0.8125
NFL,2011,NFC,DET,4,16,0.625
NFL,2011,NFC,ATL,5,16,0.625
NFL,2011,NFC,NYG,6,16,0.5625
NFL,2011,NFC,PHI,7,16,0.5
NFL,2011,NFC,DAL,8,16,0.5
NFL,2011,NFC,CHI,9,16,0.5
NFL,2011,NFC,ARI,10,16,0.5
NFL,2011,NFC,SEA,11,16,0.4375
NFL,2011,NFC,CAR,12,16,0.375
NFL,2011,NFC,WAS,13,16,0.3125
NFL,2011,NFC,TB,14,16,0.25
NFL,2011,NFC,MIN,15,16,0.1875
NFL,2011,NFC,LA,16,16,0.125
NFL,2011,AFC,NE,1,16,0.8125
NFL,2011,AFC,BAL,2,16,0.75
NFL,2011,AFC,PIT,3,16,0.75
NFL,2011,AFC,HOU,4,16,0.625
NFL,2011,AFC,CIN,5,16,0.5625
NFL,2011,AFC,TEN,6,16,0.5625
NFL,2011,AFC,LAC,7,16,0.5
NFL,2011,AFC,NYJ,8,16,0.5
NFL,2011,AFC,LV,9,16,0.5
NFL,2011,AFC,DEN,10,16,0.5
NFL,2011,AFC,KC,11,16,0.4375
NFL,2011,AFC,MIA,12,16,0.375
NFL,2011,AFC,BUF,13,16,0.375
NFL,2011,AFC,JAX,14,16,0.3125
NFL,2011,AFC,CLE,15,16,0.25
NFL,2011,AFC,IND,16,16,0.125
NFL,2012,NFC,ATL,1,16,0.8125
NFL,2012,NFC,SF,2,16,0.7188
NFL,2012,NFC,SEA,3,16,0.6875
NFL,2012,NFC,GB,4,16,0.6875
NFL,2012,NFC,CHI,5,16,0.625
NFL,2012,NFC,WAS,6,16,0.625
NFL,2012,NFC,MIN,7,16,0.625
NFL,2012,NFC,NYG,8,16,0.5625
NFL,2012,NFC,DAL,9,16,0.5
NFL,2012,NFC,LA,10,16,0.4688
NFL,2012,NFC,NO,11,16,0.4375
NFL,2012,NFC,TB,12,16,0.4375
NFL,2012,NFC,CAR,13,16,0.4375
NFL,2012,NFC,ARI,14,16,0.3125
NFL,2012,NFC,DET,15,16,0.25
NFL,2012,NFC,PHI,16,16,0.25
NFL,2012,AFC,DEN,1,16,0.8125
NFL,2012,AFC,NE,2,16,0.75
NFL,2012,AFC,HOU,3,16,0.75
NFL,2012,AFC,IND,4,16,0.6875
NFL,2012,AFC,CIN,5,16,0.625
NFL,2012,AFC,BAL,6,16,0.625
NFL,2012,AFC,PIT,7,16,0.5
NFL,2012,AFC,LAC,8,16,0.4375
NFL,2012,AFC,MIA,9,16,0.4375
NFL,2012,AFC,BUF,10,16,0.375
NFL,2012,AFC,NYJ,11,16,0.375
NFL,2012,AFC,TEN,12,16,0.375
NFL,2012,AFC,CLE,13,16,0.3125
NFL,2012,AFC,LV,14,16,0.25
NFL,2012,AFC,JAX,15,16,0.125
NFL,2012,AFC,KC,16,16,0.125
NFL,2013,AFC,DEN,1,16,0.8125
NFL,2013,AFC,NE,2,16,0.75
NFL,2013,AFC,CIN,3,16,0.6875
NFL,2013,AFC,KC,4,16,0.6875
NFL,2013,AFC,IND,5,16,0.6875
NFL,2013,AFC,LAC,6,16,0.5625
NFL,2013,AFC,PIT,7,16,0.5
NFL,2013,AFC,MIA,8,16,0.5
NFL,2013,AFC,BAL,9,16,0.5
NFL,2013,AFC,NYJ,10,16,0.5
NFL,2013,AFC,TEN,11,16,0.4375
NFL,2013,AFC,BUF,12,16,0.375
NFL,2013,AFC,CLE,13,16,0.25
NFL,2013,AFC,LV,14,16,0.25
NFL,2013,AFC,JAX,15,16,0.25
NFL,2013,AFC,HOU,16,16,0.125
NFL,2013,NFC,SEA,1,16,0.8125
NFL,2013,NFC,SF,2,16,0.75
NFL,2013,NFC,CAR,3,16,0.75
NFL,2013,NFC,NO,4,16,0.6875
NFL,2013,NFC,PHI,5,16,0.625
NFL,2013,NFC,ARI,6,16,0.625
NFL,2013,NFC,GB,7,16,0.5312
NFL,2013,NFC,DAL,8,16,0.5
NFL,2013,NFC,CHI,9,16,0.5
NFL,2013,NFC,DET,10,16,0.4375
NFL,2013,NFC,LA,11,16,0.4375
NFL,2013,NFC,NYG,12,16,0.4375
NFL,2013,NFC,MIN,13,16,0.3438
NFL,2013,NFC,ATL,14,16,0.25
NFL,2013,NFC,TB,15,16,0.25
NFL,2013,NFC,WAS,16,16,0.1875
NFL,2014,NFC,SEA,1,16,0.75
NFL,2014,NFC,GB,2,16,0.75
NFL,2014,NFC,DAL,3,16,0.75
NFL,2014,NFC,DET,4,16,0.6875
NFL,2014,NFC,ARI,5,16,0.6875
NFL,2014,NFC,PHI,6,16,0.625
NFL,2014,NFC,SF,7,16,0.5
NFL,2014,NFC,CAR,8,16,0.4688
NFL,2014,NFC,MIN,9,16,0.4375
NFL,2014,NFC,NO,10,16,0.4375
NFL,2014,NFC,NYG,11,16,0.375
NFL,2014,NFC,LA,12,16,0.375
NFL,2014,NFC,ATL,13,16,0.375
NFL,2014,NFC,CHI,14,16,0.3125
NFL,2014,NFC,WAS,15,16,0.25
NFL,2014,NFC,TB,16,16,0.125
NFL,2014,AFC,NE,1,16,0.75
NFL,2014,AFC,DEN,2,16,0.75
NFL,2014,AFC,IND,3,16,0.6875
NFL,2014,AFC,PIT,4,16,0.6875
NFL,2014,AFC,CIN,5,16,0.6562
NFL,2014,AFC,BAL,6,16,0.625
NFL,2014,AFC,KC,7,16,0.5625
NFL,2014,AFC,HOU,8,16,0.5625
NFL,2014,AFC,BUF,9,16,0.5625
NFL,2014,AFC,LAC,10,16,0.5625
NFL,2014,AFC,MIA,11,16,0.5
NFL,2014,AFC,CLE,12,16,0.4375
NFL,2014,AFC,NYJ,13,16,0.25
NFL,2014,AFC,JAX,14,16,0.1875
NFL,2014,AFC,LV,15,16,0.1875
NFL,2014,AFC,TEN,16,16,0.125
NFL,2015,AFC,NE,1,16,0.75
NFL,2015,AFC,CIN,2,16,0.75
NFL,2015,AFC,DEN,3,16,0.75
NFL,2015,AFC,KC,4,16,0.6875
NFL,2015,AFC,PIT,5,16,0.625
NFL,2015,AFC,NYJ,6,16,0.625
NFL,2015,AFC,HOU,7,16,0.5625
NFL,2015,AFC,BUF,8,16,0.5
NFL,2015,AFC,IND,9,16,0.5
NFL,2015,AFC,LV,10,16,0.4375
NFL,2015,AFC,MIA,11,16,0.375
NFL,2015,AFC,JAX,12,16,0.3125
NFL,2015,AFC,BAL,13,16,0.3125
NFL,2015,AFC,LAC,14,16,0.25
NFL,2015,AFC,TEN,15,16,0.1875
NFL,2015,AFC,CLE,16,16,0.1875
NFL,2015,NFC,CAR,1,16,0.9375
NFL,2015,NFC,ARI,2,16,0.8125
NFL,2015,NFC,MIN,3,16,0.6875
NFL,2015,NFC,SEA,4,16,0.625
NFL,2015,NFC,GB,5,16,0.625
NFL,2015,NFC,WAS,6,16,0.5625
NFL,2015,NFC,ATL,7,16,0.5
NFL,2015,NFC,DET,8,16,0.4375
NFL,2015,NFC,LA,9,16,0.4375
NFL,2015,NFC,PHI,10,16,0.4375
NFL,2015,NFC,NO,11,16,0.4375
NFL,2015,NFC,NYG,12,16,0.375
NFL,2015,NFC,CHI,13,16,0.375
NFL,2015,NFC,TB,14,16,0.375
NFL,2015,NFC,SF,15,16,0.3125
NFL,2015,NFC,DAL,16,16,0.25
NFL,2016,AFC,NE,1,16,0.875
NFL,2016,AFC,KC,2,16,0.75
NFL,2016,AFC,LV,3,16,0.75
NFL,2016,AFC,PIT,4,16,0.6875
NFL,2016,AFC,MIA,5,16,0.625
NFL,2016,AFC,DEN,6,16,0.5625
NFL,2016,AFC,TEN,7,16,0.5625
NFL,2016,AFC,HOU,8,16,0.5625
NFL,2016,AFC,BAL,9,16,0.5
NFL,2016,AFC,IND,10,16,0.5
NFL,2016,AFC,BUF,11,16,0.4375
NFL,2016,AFC,CIN,12,16,0.4062
NFL,2016,AFC,LAC,13,16,0.3125
NFL,2016,AFC,NYJ,14,16,0.3125
NFL,2016,AFC,JAX,15,16,0.1875
NFL,2016,AFC,CLE,16,16,0.0625
NFL,2016,NFC,DAL,1,16,0.8125
NFL,2016,NFC,ATL,2,16,0.6875
NFL,2016,NFC,NYG,3,16,0.6875
NFL,2016,NFC,SEA,4,16,0.6562
NFL,2016,NFC,GB,5,16,0.625
NFL,2016,NFC,DET,6,16,0.5625
NFL,2016,NFC,TB,7,16,0.5625
NFL,2016,NFC,WAS,8,16,0.5312
NFL,2016,NFC,MIN,9,16,0.5
NFL,2016,NFC,ARI,10,16,0.4688
NFL,2016,NFC,PHI,11,16,0.4375
NFL,2016,NFC,NO,12,16,0.4375
NFL,2016,NFC,CAR,13,16,0.375
NFL,2016,NFC,LA,14,16,0.25
NFL,2016,NFC,CHI,15,16,0.1875
NFL,2016,NFC,SF,16,16,0.125
NFL,2017,AFC,NE,1,16,0.8125
NFL,2017,AFC,PIT,2,16,0.8125
NFL,2017,AFC,JAX,3,16,0.625
NFL,2017,AFC,KC,4,16,0.625
NFL,2017,AFC,BAL,5,16,0.5625
NFL,2017,AFC,LAC,6,16,0.5625
NFL,2017,AFC,TEN,7,16,0.5625
NFL,2017,AFC,BUF,8,16,0.5625
NFL,2017,AFC,CIN,9,16,0.4375
NFL,2017,AFC,LV,10,16,0.375
NFL,2017,AFC,MIA,11,16,0.375
NFL,2017,AFC,NYJ,12,16,0.3125
NFL,2017,AFC,DEN,13,16,0.3125
NFL,2017,AFC,HOU,14,16,0.25
NFL,2017,AFC,IND,15,16,0.25
NFL,2017,AFC,CLE,16,16,0.0
NFL,2017,NFC,PHI,1,16,0.8125
NFL,2017,NFC,MIN,2,16,0.8125
NFL,2017,NFC,LA,3,16,0.6875
NFL,2017,NFC,NO,4,16,0.6875
NFL,2017,NFC,CAR,5,16,0.6875
NFL,2017,NFC,ATL,6,16,0.625
NFL,2017,NFC,DET,7,16,0.5625
NFL,2017,NFC,SEA,8,16,0.5625
NFL,2017,NFC,DAL,9,16,0.5625
NFL,2017,NFC,ARI,10,16,0.5
NFL,2017,NFC,WAS,11,16,0.4375
NFL,2017,NFC,GB,12,16,0.4375
NFL,2017,NFC,SF,13,16,0.375
NFL,2017,NFC,TB,14,16,0.3125
NFL,2017,NFC,CHI,15,16,0.3125
NFL,2017,NFC,NYG,16,16,0.1875
NFL,2018,NFC,NO,1,16,0.8125
NFL,2018,NFC,LA,2,16,0.8125
NFL,2018,NFC,CHI,3,16,0.75
NFL,2018,NFC,SEA,4,16,0.625
NFL,2018,NFC,DAL,5,16,0.625
NFL,2018,NFC,PHI,6,16,0.5625
NFL,2018,NFC,MIN,7,16,0.5312
NFL,2018,NFC,CAR,8,16,0.4375
NFL,2018,NFC,ATL,9,16,0.4375
NFL,2018,NFC,WAS,10,16,0.4375
NFL,2018,NFC,GB,11,16,0.4062
NFL,2018,NFC,DET,12,16,0.375
NFL,2018,NFC,NYG,13,16,0.3125
NFL,2018,NFC,TB,14,16,0.3125
NFL,2018,NFC,SF,15,16,0.25
NFL,2018,NFC,ARI,16,16,0.1875
NFL,2018,AFC,KC,1,16,0.75
NFL,2018,AFC,LAC,2,16,0.75
NFL,2018,AFC,NE,3,16,0.6875
NFL,2018,AFC,HOU,4,16,0.6875
NFL,2018,AFC,BAL,5,16,0.625
NFL,2018,AFC,IND,6,16,0.625
NFL,2018,AFC,PIT,7,16,0.5938
NFL,2018,AFC,TEN,8,16,0.5625
NFL,2018,AFC,CLE,9,16,0.4688
NFL,2018,AFC,MIA,10,16,0.4375
NFL,2018,AFC,DEN,11,16,0.375
NFL,2018,AFC,CIN,12,16,0.375
NFL,2018,AFC,BUF,13,16,0.375
NFL,2018,AFC,JAX,14,16,0.3125
NFL,2018,AFC,NYJ,15,16,0.25
NFL,2018,AFC,LV,16,16,0.25
NFL,2019,NFC,SF,1,16,0.8125
NFL,2019,NFC,NO,2,16,0.8125
NFL,2019,NFC,GB,3,16,0.8125
NFL,2019,NFC,SEA,4,16,0.6875
NFL,2019,NFC,MIN,5,16,0.625
NFL,2019,NFC,PHI,6,16,0.5625
NFL,2019,NFC,LA,7,16,0.5625
NFL,2019,NFC,DAL,8,16,0.5
NFL,2019,NFC,CHI,9,16,0.5
NFL,2019,NFC,TB,10,16,0.4375
NFL,2019,NFC,ATL,11,16,0.4375
NFL,2019,NFC,ARI,12,16,0.3438
NFL,2019,NFC,CAR,13,16,0.3125
NFL,2019,NFC,NYG,14,16,0.25
NFL,2019,NFC,DET,15,16,0.2188
NFL,2019,NFC,WAS,16,16,0.1875
NFL,2019,AFC,BAL,1,16,0.875
NFL,2019,AFC,NE,2,16,0.75
NFL,2019,AFC,KC,3,16,0.75
NFL,2019,AFC,BUF,4,16,0.625
NFL,2019,AFC,HOU,5,16,0.625
NFL,2019,AFC,TEN,6,16,0.5625
NFL,2019,AFC,PIT,7,16,0.5
NFL,2019,AFC,IND,8,16,0.4375
NFL,2019,AFC,DEN,9,16,0.4375
NFL,2019,AFC,NYJ,10,16,0.4375
NFL,2019,AFC,LV,11,16,0.4375
NFL,2019,AFC,CLE,12,16,0.375
NFL,2019,AFC,JAX,13,16,0.375
NFL,2019,AFC,LAC,14,16,0.3125
NFL,2019,AFC,MIA,15,16,0.3125
NFL,2019,AFC,CIN,16,16,0.125
NFL,2020,AFC,KC,1,16,0.875
NFL,2020,AFC,BUF,2,16,0.8125
NFL,2020,AFC,PIT,3,16,0.75
NFL,2020,AFC,BAL,4,16,0.6875
NFL,2020,AFC,IND,5,16,0.6875
NFL,2020,AFC,TEN,6,16,0.6875
NFL,2020,AFC,CLE,7,16,0.6875
NFL,2020,AFC,MIA,8,16,0.625
NFL,2020,AFC,LV,9,16,0.5
NFL,2020,AFC,NE,10,16,0.4375
NFL,2020,AFC,LAC,11,16,0.4375
NFL,2020,AFC,DEN,12,16,0.3125
NFL,2020,AFC,CIN,13,16,0.2812
NFL,2020,AFC,HOU,14,16,0.25
NFL,2020,AFC,NYJ,15,16,0.125
NFL,2020,AFC,JAX,16,16,0.0625
NFL,2020,NFC,GB,1,16,0.8125
NFL,2020,NFC,NO,2,16,0.75
NFL,2020,NFC,SEA,3,16,0.75
NFL,2020,NFC,TB,4,16,0.6875
NFL,2020,NFC,LA,5,16,0.625
NFL,2020,NFC,ARI,6,16,0.5
NFL,2020,NFC,CHI,7,16,0.5
NFL,2020,NFC,WAS,8,16,0.4375
NFL,2020,NFC,MIN,9,16,0.4375
NFL,2020,NFC,SF,10,16,0.375
NFL,2020,NFC,NYG,11,16,0.375
NFL,2020,NFC,DAL,12,16,0.375
NFL,2020,NFC,CAR,13,16,0.3125
NFL,2020,NFC,DET,14,16,0.3125
NFL,2020,NFC,PHI,15,16,0.2812
NFL,2020,NFC,ATL,16,16,0.25
NFL,2021,NFC,TB,1,16,0.7647
NFL,2021,NFC,GB,2,16,0.7647
NFL,2021,NFC,DAL,3,16,0.7059
NFL,2021,NFC,LA,4,16,0.7059
NFL,2021,NFC,ARI,5,16,0.6471
NFL,2021,NFC,SF,6,16,0.5882
NFL,2021,NFC,PHI,7,16,0.5294
NFL,2021,NFC,NO,8,16,0.5294
NFL,2021,NFC,MIN,9,16,0.4706
NFL,2021,NFC,SEA,10,16,0.4118
NFL,2021,NFC,WAS,11,16,0.4118
NFL,2021,NFC,ATL,12,16,0.4118
NFL,2021,NFC,CHI,13,16,0.3529
NFL,2021,NFC,CAR,14,16,0.2941
NFL,2021,NFC,NYG,15,16,0.2353
NFL,2021,NFC,DET,16,16,0.2059
NFL,2021,AFC,KC,1,16,0.7059
NFL,2021,AFC,TEN,2,16,0.7059
NFL,2021,AFC,BUF,3,16,0.6471
NFL,2021,AFC,NE,4,16,0.5882
NFL,2021,AFC,CIN,5,16,0.5882
NFL,2021,AFC,LV,6,16,0.5882
NFL,2021,AFC,PIT,7,16,0.5588
NFL,2021,AFC,IND,8,16,0.5294
NFL,2021,AFC,LAC,9,16,0.5294
NFL,2021,AFC,MIA,10,16,0.5294
NFL,2021,AFC,BAL,11,16,0.4706
NFL,2021,AFC,CLE,12,16,0.4706
NFL,2021,AFC,DEN,13,16,0.4118
NFL,2021,AFC,HOU,14,16,0.2353
NFL,2021,AFC,NYJ,15,16,0.2353
NFL,2021,AFC,JAX,16,16,0.1765
NFL,2022,NFC,PHI,1,16,0.8235
NFL,2022,NFC,SF,2,16,0.7647
NFL,2022,NFC,MIN,3,16,0.7647
NFL,2022,NFC,DAL,4,16,0.7059
NFL,2022,NFC,NYG,5,16,0.5588
NFL,2022,NFC,DET,6,16,0.5294
NFL,2022,NFC,SEA,7,16,0.5294
NFL,2022,NFC,WAS,8,16,0.5
NFL,2022,NFC,GB,9,16,0.4706
NFL,2022,NFC,TB,10,16,0.4706
NFL,2022,NFC,NO,11,16,0.4118
NFL,2022,NFC,ATL,12,16,0.4118
NFL,2022,NFC,CAR,13,16,0.4118
NFL,2022,NFC,LA,14,16,0.2941
NFL,2022,NFC,ARI,15,16,0.2353
NFL,2022,NFC,CHI,16,16,0.1765
NFL,2022,AFC,KC,1,16,0.8235
NFL,2022,AFC,BUF,2,16,0.8125
NFL,2022,AFC,CIN,3,16,0.75
NFL,2022,AFC,BAL,4,16,0.5882
NFL,2022,AFC,LAC,5,16,0.5882
NFL,2022,AFC,JAX,6,16,0.5294
NFL,2022,AFC,MIA,7,16,0.5294
NFL,2022,AFC,PIT,8,16,0.5294
NFL,2022,AFC,NE,9,16,0.4706
NFL,2022,AFC,CLE,10,16,0.4118
NFL,2022,AFC,NYJ,11,16,0.4118
NFL,2022,AFC,TEN,12,16,0.4118
NFL,2022,AFC,LV,13,16,0.3529
NFL,2022,AFC,DEN,14,16,0.2941
NFL,2022,AFC,IND,15,16,0.2647
NFL,2022,AFC,HOU,16,16,0.2059
NFL,2023,AFC,BAL,1,16,0.7647
NFL,2023,AFC,BUF,2,16,0.6471
NFL,2023,AFC,MIA,3,16,0.6471
NFL,2023,AFC,KC,4,16,0.6471
NFL,2023,AFC,CLE,5,16,0.6471
NFL,2023,AFC,HOU,6,16,0.5882
NFL,2023,AFC,PIT,7,16,0.5882
NFL,2023,AFC,JAX,8,16,0.5294
NFL,2023,AFC,CIN,9,16,0.5294
NFL,2023,AFC,IND,10,16,0.5294
NFL,2023,AFC,LV,11,16,0.4706
NFL,2023,AFC,DEN,12,16,0.4706
NFL,2023,AFC,NYJ,13,16,0.4118
NFL,2023,AFC,TEN,14,16,0.3529
NFL,2023,AFC,LAC,15,16,0.2941
NFL,2023,AFC,NE,16,16,0.2353
NFL,2023,NFC,DAL,1,16,0.7059
NFL,2023,NFC,SF,2,16,0.7059
NFL,2023,NFC,DET,3,16,0.7059
NFL,2023,NFC,PHI,4,16,0.6471
NFL,2023,NFC,LA,5,16,0.5882
NFL,2023,NFC,NO,6,16,0.5294
NFL,2023,NFC,GB,7,16,0.5294
NFL,2023,NFC,TB,8,16,0.5294
NFL,2023,NFC,SEA,9,16,0.5294
NFL,2023,NFC,MIN,10,16,0.4118
NFL,2023,NFC,CHI,11,16,0.4118
NFL,2023,NFC,ATL,12,16,0.4118
NFL,2023,NFC,NYG,13,16,0.3529
NFL,2023,NFC,ARI,14,16,0.2353
NFL,2023,NFC,WAS,15,16,0.2353
NFL,2023,NFC,CAR,16,16,0.1176
NFL,2024,AFC,KC,1,16,0.8824
NFL,2024,AFC,BUF,2,16,0.7647
NFL,2024,AFC,BAL,3,16,0.7059
NFL,2024,AFC,LAC,4,16,0.6471
NFL,2024,AFC,DEN,5,16,0.5882
NFL,2024,AFC,PIT,6,16,0.5882
NFL,2024,AFC,HOU,7,16,0.5882
NFL,2024,AFC,CIN,8,16,0.5294
NFL,2024,AFC,MIA,9,16,0.4706
NFL,2024,AFC,IND,10,16,0.4706
NFL,2024,AFC,NYJ,11,16,0.2941
NFL,2024,AFC,JAX,12,16,0.2353
NFL,2024,AFC,LV,13,16,0.2353
NFL,2024,AFC,NE,14,16,0.2353
NFL,2024,AFC,TEN,15,16,0.1765
NFL,2024,AFC,CLE,16,16,0.1765
NFL,2024,NFC,DET,1,16,0.8824
NFL,2024,NFC,PHI,2,16,0.8235
NFL,2024,NFC,MIN,3,16,0.8235
NFL,2024,NFC,WAS,4,16,0.7059
NFL,2024,NFC,GB,5,16,0.6471
NFL,2024,NFC,TB,6,16,0.5882
NFL,2024,NFC,SEA,7,16,0.5882
NFL,2024,NFC,LA,8,16,0.5882
NFL,2024,NFC,ARI,9,16,0.4706
NFL,2024,NFC,ATL,10,16,0.4706
NFL,2024,NFC,DAL,11,16,0.4118
NFL,2024,NFC,SF,12,16,0.3529
NFL,2024,NFC,CHI,13,16,0.2941
NFL,2024,NFC,NO,14,16,0.2941
NFL,2024,NFC,CAR,15,16,0.2941
NFL,2024,NFC,NYG,16,16,0.1765
NFL,2025,NFC,SEA,1,16,0.8235
NFL,2025,NFC,LA,2,16,0.7059
NFL,2025,NFC,SF,3,16,0.7059
NFL,2025,NFC,PHI,4,16,0.6471
NFL,2025,NFC,CHI,5,16,0.6471
NFL,2025,NFC,GB,6,16,0.5588
NFL,2025,NFC,DET,7,16,0.5294
NFL,2025,NFC,MIN,8,16,0.5294
NFL,2025,NFC,TB,9,16,0.4706
NFL,2025,NFC,ATL,10,16,0.4706
NFL,2025,NFC,CAR,11,16,0.4706
NFL,2025,NFC,DAL,12,16,0.4412
NFL,2025,NFC,NO,13,16,0.3529
NFL,2025,NFC,WAS,14,16,0.2941
NFL,2025,NFC,NYG,15,16,0.2353
NFL,2025,NFC,ARI,16,16,0.1765
NFL,2025,AFC,NE,1,16,0.8235
NFL,2025,AFC,DEN,2,16,0.8235
NFL,2025,AFC,JAX,3,16,0.7647
NFL,2025,AFC,BUF,4,16,0.7059
NFL,2025,AFC,HOU,5,16,0.7059
NFL,2025,AFC,LAC,6,16,0.6471
NFL,2025,AFC,PIT,7,16,0.5882
NFL,2025,AFC,IND,8,16,0.4706
NFL,2025,AFC,BAL,9,16,0.4706
NFL,2025,AFC,MIA,10,16,0.4118
NFL,2025,AFC,KC,11,16,0.3529
NFL,2025,AFC,CIN,12,16,0.3529
NFL,2025,AFC,CLE,13,16,0.2941
NFL,2025,AFC,LV,14,16,0.1765
NFL,2025,AFC,TEN,15,16,0.1765
NFL,2025,AFC,NYJ,16,16,0.1765
NBA,2005,West,Suns,1,15,0.7561
NBA,2005,West,Spurs,2,15,0.7195
NBA,2005,West,Mavericks,3,15,0.7073
NBA,2005,West,Thunder,4,15,0.6341
NBA,2005,West,Rockets,5,15,0.622
NBA,2005,West,Kings,6,15,0.6098
NBA,2005,West,Nuggets,7,15,0.5976
NBA,2005,West,Grizzlies,8,15,0.5488
NBA,2005,West,Timberwolves,9,15,0.5366
NBA,2005,West,Clippers,10,15,0.4512
NBA,2005,West,Warriors,11,15,0.4146
NBA,2005,West,Lakers,12,15,0.4146
NBA,2005,West,Trailblazers,13,15,0.3293
NBA,2005,West,Jazz,14,15,0.3171
NBA,2005,West,Pelicans,15,15,0.2195
NBA,2005,East,Heat,1,15,0.7195
NBA,2005,East,Pistons,2,15,0.6585
NBA,2005,East,Bulls,3,15,0.5732
NBA,2005,East,Celtics,4,15,0.5488
NBA,2005,East,Wizards,5,15,0.5488
NBA,2005,East,Pacers,6,15,0.5366
NBA,2005,East,Sixers,7,15,0.5244
NBA,2005,East,Cavaliers,8,15,0.5122
NBA,2005,East,Nets,9,15,0.5122
NBA,2005,East,Magic,10,15,0.439
NBA,2005,East,Raptors,11,15,0.4024
NBA,2005,East,Knicks,12,15,0.4024
NBA,2005,East,Bucks,13,15,0.3659
NBA,2005,East,Hornets,14,15,0.2195
NBA,2005,East,Hawks,15,15,0.1585
NBA,2006,West,Spurs,1,15,0.7683
NBA,2006,West,Mavericks,2,15,0.7317
NBA,2006,West,Suns,3,15,0.6585
NBA,2006,West,Grizzlies,4,15,0.5976
NBA,2006,West,Clippers,5,15,0.5732
NBA,2006,West,Lakers,6,15,0.5488
NBA,2006,West,Kings,7,15,0.5366
NBA,2006,West,Nuggets,8,15,0.5366
NBA,2006,West,Jazz,9,15,0.5
NBA,2006,West,Pelicans,10,15,0.4634
NBA,2006,West,Thunder,11,15,0.4268
NBA,2006,West,Warriors,12,15,0.4146
NBA,2006,West,Rockets,13,15,0.4146
NBA,2006,West,Timberwolves,14,15,0.4024
NBA,2006,West,Trailblazers,15,15,0.2561
NBA,2006,East,Pistons,1,15,0.7805
NBA,2006,East,Heat,2,15,0.6341
NBA,2006,East,Cavaliers,3,15,0.6098
NBA,2006,East,Nets,4,15,0.5976
NBA,2006,East,Wizards,5,15,0.5122
NBA,2006,East,Pacers,6,15,0.5
NBA,2006,East,Bulls,7,15,0.5
NBA,2006,East,Bucks,8,15,0.4878
NBA,2006,East,Sixers,9,15,0.4634
NBA,2006,East,Magic,10,15,0.439
NBA,2006,East,Celtics,11,15,0.4024
NBA,2006,East,Raptors,12,15,0.3293
NBA,2006,East,Hornets,13,15,0.3171
NBA,2006,East,Hawks,14,15,0.3171
NBA,2006,East,Knicks,15,15,0.2805
NBA,2007,West,Mavericks,1,15,0.8171
NBA,2007,West,Suns,2,15,0.7439
NBA,2007,West,Spurs,3,15,0.7073
NBA,2007,West,Rockets,4,15,0.6341
NBA,2007,West,Jazz,5,15,0.622
NBA,2007,West,Nuggets,6,15,0.5488
NBA,2007,West,Lakers,7,15,0.5122
NBA,2007,West,Warriors,8,15,0.5122
NBA,2007,West,Clippers,9,15,0.4878
NBA,2007,West,Pelicans,10,15,0.4756
NBA,2007,West,Kings,11,15,0.4024
NBA,2007,West,Timberwolves,12,15,0.3902
NBA,2007,West,Trailblazers,13,15,0.3902
NBA,2007,West,Thunder,14,15,0.378
NBA,2007,West,Grizzlies,15,15,0.2683
NBA,2007,East,Pistons,1,15,0.6463
NBA,2007,East,Cavaliers,2,15,0.6098
NBA,2007,East,Bulls,3,15,0.5976
NBA,2007,East,Raptors,4,15,0.5732
NBA,2007,East,Heat,5,15,0.5366
NBA,2007,East,Wizards,6,15,0.5
NBA,2007,East,Nets,7,15,0.5
NBA,2007,East,Magic,8,15,0.4878
NBA,2007,East,Pacers,9,15,0.4268
NBA,2007,East,Sixers,10,15,0.4268
NBA,2007,East,Knicks,11,15,0.4024
NBA,2007,East,Hornets,12,15,0.4024
NBA,2007,East,Hawks,13,15,0.3659
NBA,2007,East,Bucks,14,15,0.3415
NBA,2007,East,Celtics,15,15,0.2927
NBA,2008,West,Lakers,1,15,0.6951
NBA,2008,West,Pelicans,2,15,0.6829
NBA,2008,West,Spurs,3,15,0.6829
NBA,2008,West,Suns,4,15,0.6707
NBA,2008,West,Rockets,5,15,0.6707
NBA,2008,West,Jazz,6,15,0.6585
NBA,2008,West,Mavericks,7,15,0.622
NBA,2008,West,Nuggets,8,15,0.6098
NBA,2008,West,Warriors,9,15,0.5854
NBA,2008,West,Trailblazers,10,15,0.5
NBA,2008,West,Kings,11,15,0.4634
NBA,2008,West,Clippers,12,15,0.2805
NBA,2008,West,Grizzlies,13,15,0.2683
NBA,2008,West,Timberwolves,14,15,0.2683
NBA,2008,West,Thunder,15,15,0.2439
NBA,2008,East,Celtics,1,15,0.8049
NBA,2008,East,Pistons,2,15,0.7195
NBA,2008,East,Magic,3,15,0.6341
NBA,2008,East,Cavaliers,4,15,0.5488
NBA,2008,East,Wizards,5,15,0.5244
NBA,2008,East,Raptors,6,15,0.5
NBA,2008,East,Sixers,7,15,0.4878
NBA,2008,East,Hawks,8,15,0.4512
NBA,2008,East,Pacers,9,15,0.439
NBA,2008,East,Nets,10,15,0.4146
NBA,2008,East,Bulls,11,15,0.4024
NBA,2008,East,Hornets,12,15,0.3902
NBA,2008,East,Bucks,13,15,0.3171
NBA,2008,East,Knicks,14,15,0.2805
NBA,2008,East,Heat,15,15,0.1829
NBA,2009,East,Cavaliers,1,15,0.8049
NBA,2009,East,Celtics,2,15,0.7561
NBA,2009,East,Magic,3,15,0.7195
NBA,2009,East,Hawks,4,15,0.5732
NBA,2009,East,Heat,5,15,0.5244
NBA,2009,East,Sixers,6,15,0.5
NBA,2009,East,Bulls,7,15,0.5
NBA,2009,East,Pistons,8,15,0.4756
NBA,2009,East,Pacers,9,15,0.439
NBA,2009,East,Hornets,10,15,0.4268
NBA,2009,East,Bucks,11,15,0.4146
NBA,2009,East,Nets,12,15,0.4146
NBA,2009,East,Raptors,13,15,0.4024
NBA,2009,East,Knicks,14,15,0.3902
NBA,2009,East,Wizards,15,15,0.2317
NBA,2009,West,Lakers,1,15,0.7927
NBA,2009,West,Trailblazers,2,15,0.6585
NBA,2009,West,Spurs,3,15,0.6585
NBA,2009,West,Nuggets,4,15,0.6585
NBA,2009,West,Rockets,5,15,0.6463
NBA,2009,West,Mavericks,6,15,0.6098
NBA,2009,West,Pelicans,7,15,0.5976
NBA,2009,West,Jazz,8,15,0.5854
NBA,2009,West,Suns,9,15,0.561
NBA,2009,West,Warriors,10,15,0.3537
NBA,2009,West,Timberwolves,11,15,0.2927
NBA,2009,West,Grizzlies,12,15,0.2927
NBA,2009,West,Thunder,13,15,0.2805
NBA,2009,West,Clippers,14,15,0.2317
NBA,2009,West,Kings,15,15,0.2073
NBA,2010,East,Cavaliers,1,15,0.7439
NBA,2010,East,Magic,2,15,0.7195
NBA,2010,East,Hawks,3,15,0.6463
NBA,2010,East,Celtics,4,15,0.6098
NBA,2010,East,Heat,5,15,0.5732
NBA,2010,East,Bucks,6,15,0.561
NBA,2010,East,Hornets,7,15,0.5366
NBA,2010,East,Bulls,8,15,0.5
NBA,2010,East,Raptors,9,15,0.4878
NBA,2010,East,Pacers,10,15,0.3902
NBA,2010,East,Knicks,11,15,0.3537
NBA,2010,East,Sixers,12,15,0.3293
NBA,2010,East,Pistons,13,15,0.3293
NBA,2010,East,Wizards,14,15,0.3171
NBA,2010,East,Nets,15,15,0.1463
NBA,2010,West,Lakers,1,15,0.6951
NBA,2010,West,Mavericks,2,15,0.6707
NBA,2010,West,Suns,3,15,0.6585
NBA,2010,West,Jazz,4,15,0.6463
NBA,2010,West,Nuggets,5,15,0.6463
NBA,2010,West,Spurs,6,15,0.6098
NBA,2010,West,Thunder,7,15,0.6098
NBA,2010,West,Trailblazers,8,15,0.6098
NBA,2010,West,Rockets,9,15,0.5122
NBA,2010,West,Grizzlies,10,15,0.4878
NBA,2010,West,Pelicans,11,15,0.4512
NBA,2010,West,Clippers,12,15,0.3537
NBA,2010,West,Warriors,13,15,0.3171
NBA,2010,West,Kings,14,15,0.3049
NBA,2010,West,Timberwolves,15,15,0.1829
NBA,2011,East,Bulls,1,15,0.7561
NBA,2011,East,Heat,2,15,0.7073
NBA,2011,East,Celtics,3,15,0.6829
NBA,2011,East,Magic,4,15,0.6341
NBA,2011,East,Hawks,5,15,0.5366
NBA,2011,East,Knicks,6,15,0.5122
NBA,2011,East,Sixers,7,15,0.5
NBA,2011,East,Pacers,8,15,0.4512
NBA,2011,East,Bucks,9,15,0.4268
NBA,2011,East,Hornets,10,15,0.4146
NBA,2011,East,Pistons,11,15,0.3659
NBA,2011,East,Nets,12,15,0.2927
NBA,2011,East,Wizards,13,15,0.2805
NBA,2011,East,Raptors,14,15,0.2683
NBA,2011,East,Cavaliers,15,15,0.2317
NBA,2011,West,Spurs,1,15,0.7439
NBA,2011,West,Lakers,2,15,0.6951
NBA,2011,West,Mavericks,3,15,0.6951
NBA,2011,West,Thunder,4,15,0.6707
NBA,2011,West,Nuggets,5,15,0.6098
NBA,2011,West,Trailblazers,6,15,0.5854
NBA,2011,West,Grizzlies,7,15,0.561
NBA,2011,West,Pelicans,8,15,0.561
NBA,2011,West,Rockets,9,15,0.5244
NBA,2011,West,Suns,10,15,0.4878
NBA,2011,West,Jazz,11,15,0.4756
NBA,2011,West,Warriors,12,15,0.439
NBA,2011,West,Clippers,13,15,0.3902
NBA,2011,West,Kings,14,15,0.2927
NBA,2011,West,Timberwolves,15,15,0.2073
NBA,2012,East,Bulls,1,15,0.7576
NBA,2012,East,Heat,2,15,0.697
NBA,2012,East,Pacers,3,15,0.6364
NBA,2012,East,Hawks,4,15,0.6061
NBA,2012,East,Celtics,5,15,0.5909
NBA,2012,East,Magic,6,15,0.5606
NBA,2012,East,Knicks,7,15,0.5455
NBA,2012,East,Sixers,8,15,0.5303
NBA,2012,East,Bucks,9,15,0.4697
NBA,2012,East,Pistons,10,15,0.3788
NBA,2012,East,Raptors,11,15,0.3485
NBA,2012,East,Nets,12,15,0.3333
NBA,2012,East,Cavaliers,13,15,0.3182
NBA,2012,East,Wizards,14,15,0.303
NBA,2012,East,Hornets,15,15,0.1061
NBA,2012,West,Spurs,1,15,0.7576
NBA,2012,West,Thunder,2,15,0.7121
NBA,2012,West,Grizzlies,3,15,0.6212
NBA,2012,West,Lakers,4,15,0.6212
NBA,2012,West,Clippers,5,15,0.6061
NBA,2012,West,Nuggets,6,15,0.5758
NBA,2012,West,Mavericks,7,15,0.5455
NBA,2012,West,Jazz,8,15,0.5455
NBA,2012,West,Rockets,9,15,0.5152
NBA,2012,West,Suns,10,15,0.5
NBA,2012,West,Trailblazers,11,15,0.4242
NBA,2012,West,Timberwolves,12,15,0.3939
NBA,2012,West,Warriors,13,15,0.3485
NBA,2012,West,Kings,14,15,0.3333
NBA,2012,West,Pelicans,15,15,0.3182
NBA,2013,East,Heat,1,15,0.8049
NBA,2013,East,Knicks,2,15,0.6585
NBA,2013,East,Pacers,3,15,0.6049
NBA,2013,East,Nets,4,15,0.5976
NBA,2013,East,Bulls,5,15,0.5488
NBA,2013,East,Hawks,6,15,0.5366
NBA,2013,East,Celtics,7,15,0.5062
NBA,2013,East,Bucks,8,15,0.4634
NBA,2013,East,Raptors,9,15,0.4146
NBA,2013,East,Sixers,10,15,0.4146
NBA,2013,East,Wizards,11,15,0.3537
NBA,2013,East,Pistons,12,15,0.3537
NBA,2013,East,Cavaliers,13,15,0.2927
NBA,2013,East,Hornets,14,15,0.2561
NBA,2013,East,Magic,15,15,0.2439
NBA,2013,West,Thunder,1,15,0.7317
NBA,2013,West,Spurs,2,15,0.7073
NBA,2013,West,Nuggets,3,15,0.6951
NBA,2013,West,Clippers,4,15,0.6829
NBA,2013,West,Grizzlies,5,15,0.6829
NBA,2013,West,Warriors,6,15,0.5732
NBA,2013,West,Rockets,7,15,0.5488
NBA,2013,West,Lakers,8,15,0.5488
NBA,2013,West,Jazz,9,15,0.5244
NBA,2013,West,Mavericks,10,15,0.5
NBA,2013,West,Trailblazers,11,15,0.4024
NBA,2013,West,Timberwolves,12,15,0.378
NBA,2013,West,Kings,13,15,0.3415
NBA,2013,West,Pelicans,14,15,0.3293
NBA,2013,West,Suns,15,15,0.3049
NBA,2014,East,Pacers,1,15,0.6829
NBA,2014,East,Heat,2,15,0.6585
NBA,2014,East,Raptors,3,15,0.5854
NBA,2014,East,Bulls,4,15,0.5854
NBA,2014,East,Wizards,5,15,0.5366
NBA,2014,East,Nets,6,15,0.5366
NBA,2014,East,Hornets,7,15,0.5244
NBA,2014,East,Hawks,8,15,0.4634
NBA,2014,East,Knicks,9,15,0.4512
NBA,2014,East,Cavaliers,10,15,0.4024
NBA,2014,East,Pistons,11,15,0.3537
NBA,2014,East,Celtics,12,15,0.3049
NBA,2014,East,Magic,13,15,0.2805
NBA,2014,East,Sixers,14,15,0.2317
NBA,2014,East,Bucks,15,15,0.1829
NBA,2014,West,Spurs,1,15,0.7561
NBA,2014,West,Thunder,2,15,0.7195
NBA,2014,West,Clippers,3,15,0.6951
NBA,2014,West,Rockets,4,15,0.6585
NBA,2014,West,Trailblazers,5,15,0.6585
NBA,2014,West,Warriors,6,15,0.622
NBA,2014,West,Grizzlies,7,15,0.6098
NBA,2014,West,Mavericks,8,15,0.5976
NBA,2014,West,Suns,9,15,0.5854
NBA,2014,West,Timberwolves,10,15,0.4878
NBA,2014,West,Nuggets,11,15,0.439
NBA,2014,West,Pelicans,12,15,0.4146
NBA,2014,West,Kings,13,15,0.3415
NBA,2014,West,Lakers,14,15,0.3293
NBA,2014,West,Jazz,15,15,0.3049
NBA,2015,West,Warriors,1,15,0.8171
NBA,2015,West,Clippers,2,15,0.6829
NBA,2015,West,Rockets,3,15,0.6829
NBA,2015,West,Spurs,4,15,0.6707
NBA,2015,West,Grizzlies,5,15,0.6707
NBA,2015,West,Trailblazers,6,15,0.622
NBA,2015,West,Mavericks,7,15,0.6098
NBA,2015,West,Thunder,8,15,0.5488
NBA,2015,West,Pelicans,9,15,0.5488
NBA,2015,West,Suns,10,15,0.4756
NBA,2015,West,Jazz,11,15,0.4634
NBA,2015,West,Nuggets,12,15,0.3659
NBA,2015,West,Kings,13,15,0.3537
NBA,2015,West,Lakers,14,15,0.2561
NBA,2015,West,Timberwolves,15,15,0.1951
NBA,2015,East,Hawks,1,15,0.7317
NBA,2015,East,Cavaliers,2,15,0.6463
NBA,2015,East,Bulls,3,15,0.6098
NBA,2015,East,Raptors,4,15,0.5976
NBA,2015,East,Wizards,5,15,0.561
NBA,2015,East,Bucks,6,15,0.5
NBA,2015,East,Celtics,7,15,0.4878
NBA,2015,East,Pacers,8,15,0.4634
NBA,2015,East,Nets,9,15,0.4634
NBA,2015,East,Heat,10,15,0.4512
NBA,2015,East,Hornets,11,15,0.4024
NBA,2015,East,Pistons,12,15,0.3902
NBA,2015,East,Magic,13,15,0.3049
NBA,2015,East,Sixers,14,15,0.2195
NBA,2015,East,Knicks,15,15,0.2073
MLB,1995,NL-E,ATL,1,5,0.625
MLB,1995,NL-E,FLA,4,5,0.4685
MLB,1995,NL-E,WSN,5,5,0.4583
MLB,1995,NL-E,NYM,2,5,0.4792
MLB,1995,NL-E,PHI,2,5,0.4792
MLB,1995,AL-E,BAL,3,5,0.4931
MLB,1995,AL-E,BOS,1,5,0.5972
MLB,1995,AL-E,DET,4,5,0.4167
MLB,1995,AL-E,NYY,2,5,0.5486
MLB,1995,AL-E,TOR,5,5,0.3889
MLB,1995,AL-W,ANA,2,4,0.5379
MLB,1995,AL-W,OAK,4,4,0.4653
MLB,1995,AL-W,SEA,1,4,0.5448
MLB,1995,AL-W,TEX,3,4,0.5139
MLB,1995,AL-C,CHW,3,5,0.4722
MLB,1995,AL-C,CLE,1,5,0.6944
MLB,1995,AL-C,KCR,2,5,0.4861
MLB,1995,AL-C,MIN,5,5,0.3889
MLB,1995,AL-C,MIL,4,5,0.4514
MLB,1995,NL-C,CHC,3,5,0.5069
MLB,1995,NL-C,CIN,1,5,0.5903
MLB,1995,NL-C,HOU,2,5,0.5278
MLB,1995,NL-C,PIT,5,5,0.4028
MLB,1995,NL-C,STL,4,5,0.4336
MLB,1995,NL-W,COL,2,4,0.5347
MLB,1995,NL-W,LAD,1,4,0.5417
MLB,1995,NL-W,SDP,3,4,0.4861
MLB,1995,NL-W,SFG,4,4,0.4653
MLB,1996,NL-E,ATL,1,5,0.5926
MLB,1996,NL-E,FLA,3,5,0.4938
MLB,1996,NL-E,WSN,2,5,0.5432
MLB,1996,NL-E,NYM,4,5,0.4383
MLB,1996,NL-E,PHI,5,5,0.4136
MLB,1996,AL-E,BAL,2,5,0.5432
MLB,1996,AL-E,BOS,3,5,0.5247
MLB,1996,AL-E,DET,5,5,0.3272
MLB,1996,AL-E,NYY,1,5,0.5679
MLB,1996,AL-E,TOR,4,5,0.4568
MLB,1996,AL-W,ANA,4,4,0.4348
MLB,1996,AL-W,OAK,3,4,0.4815
MLB,1996,AL-W,SEA,2,4,0.528
MLB,1996,AL-W,TEX,1,4,0.5556
MLB,1996,AL-C,CHW,2,5,0.5247
MLB,1996,AL-C,CLE,1,5,0.6149
MLB,1996,AL-C,KCR,5,5,0.4658
MLB,1996,AL-C,MIN,4,5,0.4815
MLB,1996,AL-C,MIL,3,5,0.4938
MLB,1996,NL-C,CHC,4,5,0.4691
MLB,1996,NL-C,CIN,3,5,0.5
MLB,1996,NL-C,HOU,2,5,0.5062
MLB,1996,NL-C,PIT,5,5,0.4506
MLB,1996,NL-C,STL,1,5,0.5432
MLB,1996,NL-W,COL,3,4,0.5123
MLB,1996,NL-W,LAD,2,4,0.5556
MLB,1996,NL-W,SDP,1,4,0.5617
MLB,1996,NL-W,SFG,4,4,0.4198
MLB,1997,AL-W,ANA,2,4,0.5185
MLB,1997,AL-W,OAK,4,4,0.4012
MLB,1997,AL-W,SEA,1,4,0.5556
MLB,1997,AL-W,TEX,3,4,0.4753
MLB,1997,NL-E,ATL,1,5,0.6235
MLB,1997,NL-E,FLA,2,5,0.5679
MLB,1997,NL-E,WSN,4,5,0.4815
MLB,1997,NL-E,NYM,3,5,0.5432
MLB,1997,NL-E,PHI,5,5,0.4198
MLB,1997,AL-E,BAL,1,5,0.6049
MLB,1997,AL-E,BOS,4,5,0.4815
MLB,1997,AL-E,DET,3,5,0.4877
MLB,1997,AL-E,NYY,2,5,0.5926
MLB,1997,AL-E,TOR,5,5,0.4691
MLB,1997,AL-C,CHW,2,5,0.4969
MLB,1997,AL-C,CLE,1,5,0.5342
MLB,1997,AL-C,KCR,5,5,0.4161
MLB,1997,AL-C,MIN,4,5,0.4198
MLB,1997,AL-C,MIL,3,5,0.4845
MLB,1997,NL-C,CHC,5,5,0.4198
MLB,1997,NL-C,CIN,3,5,0.4691
MLB,1997,NL-C,HOU,1,5,0.5185
MLB,1997,NL-C,PIT,2,5,0.4877
MLB,1997,NL-C,STL,4,5,0.4506
MLB,1997,NL-W,COL,3,4,0.5123
MLB,1997,NL-W,LAD,2,4,0.5432
MLB,1997,NL-W,SDP,4,4,0.4691
MLB,1997,NL-W,SFG,1,4,0.5556
MLB,1998,AL-W,ANA,2,4,0.5247
MLB,1998,AL-W,OAK,4,4,0.4568
MLB,1998,AL-W,SEA,3,4,0.472
MLB,1998,AL-W,TEX,1,4,0.5432
MLB,1998,NL-W,ARI,5,5,0.4012
MLB,1998,NL-W,COL,4,5,0.4753
MLB,1998,NL-W,LAD,3,5,0.5123
MLB,1998,NL-W,SDP,1,5,0.6049
MLB,1998,NL-W,SFG,2,5,0.546
MLB,1998,NL-E,ATL,1,5,0.6543
MLB,1998,NL-E,FLA,5,5,0.3333
MLB,1998,NL-E,WSN,4,5,0.4012
MLB,1998,NL-E,NYM,2,5,0.5432
MLB,1998,NL-E,PHI,3,5,0.463
MLB,1998,AL-E,BAL,4,5,0.4877
MLB,1998,AL-E,BOS,2,5,0.5679
MLB,1998,AL-E,NYY,1,5,0.7037
MLB,1998,AL-E,TBD,5,5,0.3889
MLB,1998,AL-E,TOR,3,5,0.5432
MLB,1998,AL-C,CHW,2,5,0.4938
MLB,1998,AL-C,CLE,1,5,0.5494
MLB,1998,AL-C,DET,5,5,0.4012
MLB,1998,AL-C,KCR,3,5,0.4472
MLB,1998,AL-C,MIN,4,5,0.4321
MLB,1998,NL-C,CHC,2,6,0.5521
MLB,1998,NL-C,CIN,4,6,0.4753
MLB,1998,NL-C,HOU,1,6,0.6296
MLB,1998,NL-C,MIL,5,6,0.4568
MLB,1998,NL-C,PIT,6,6,0.4259
MLB,1998,NL-C,STL,3,6,0.5123
MLB,1999,AL-W,ANA,4,4,0.4321
MLB,1999,AL-W,OAK,2,4,0.537
MLB,1999,AL-W,SEA,3,4,0.4877
MLB,1999,AL-W,TEX,1,4,0.5864
MLB,1999,NL-W,ARI,1,5,0.6173
MLB,1999,NL-W,COL,5,5,0.4444
MLB,1999,NL-W,LAD,3,5,0.4753
MLB,1999,NL-W,SDP,4,5,0.4568
MLB,1999,NL-W,SFG,2,5,0.5309
MLB,1999,NL-E,ATL,1,5,0.6358
MLB,1999,NL-E,FLA,5,5,0.3951
MLB,1999,NL-E,WSN,4,5,0.4198
MLB,1999,NL-E,NYM,2,5,0.5951
MLB,1999,NL-E,PHI,3,5,0.4753
MLB,1999,AL-E,BAL,4,5,0.4815
MLB,1999,AL-E,BOS,2,5,0.5802
MLB,1999,AL-E,NYY,1,5,0.6049
MLB,1999,AL-E,TBD,5,5,0.4259
MLB,1999,AL-E,TOR,3,5,0.5185
MLB,1999,AL-C,CHW,2,5,0.4658
MLB,1999,AL-C,CLE,1,5,0.5988
MLB,1999,AL-C,DET,3,5,0.4286
MLB,1999,AL-C,KCR,4,5,0.3975
MLB,1999,AL-C,MIN,5,5,0.3937
MLB,1999,NL-C,CHC,6,6,0.4136
MLB,1999,NL-C,CIN,2,6,0.589
MLB,1999,NL-C,HOU,1,6,0.5988
MLB,1999,NL-C,MIL,5,6,0.4596
MLB,1999,NL-C,PIT,3,6,0.4845
MLB,1999,NL-C,STL,4,6,0.4658
MLB,2000,AL-W,ANA,3,4,0.5062
MLB,2000,AL-W,OAK,1,4,0.5652
MLB,2000,AL-W,SEA,2,4,0.5617
MLB,2000,AL-W,TEX,4,4,0.4383
MLB,2000,NL-W,ARI,3,5,0.5247
MLB,2000,NL-W,COL,4,5,0.5062
MLB,2000,NL-W,LAD,2,5,0.5309
MLB,2000,NL-W,SDP,5,5,0.4691
MLB,2000,NL-W,SFG,1,5,0.5988
MLB,2000,NL-E,ATL,1,5,0.5864
MLB,2000,NL-E,FLA,3,5,0.4907
MLB,2000,NL-E,WSN,4,5,0.4136
MLB,2000,NL-E,NYM,2,5,0.5802
MLB,2000,NL-E,PHI,5,5,0.4012
MLB,2000,AL-E,BAL,4,5,0.4568
MLB,2000,AL-E,BOS,2,5,0.5247
MLB,2000,AL-E,NYY,1,5,0.5404
MLB,2000,AL-E,TBD,5,5,0.4286
MLB,2000,AL-E,TOR,3,5,0.5123
MLB,2000,AL-C,CHW,1,5,0.5864
MLB,2000,AL-C,CLE,2,5,0.5556
MLB,2000,AL-C,DET,3,5,0.4877
MLB,2000,AL-C,KCR,4,5,0.4753
MLB,2000,AL-C,MIN,5,5,0.4259
MLB,2000,NL-C,CHC,6,6,0.4012
MLB,2000,NL-C,CIN,2,6,0.5247
MLB,2000,NL-C,HOU,4,6,0.4444
MLB,2000,NL-C,MIL,3,6,0.4506
MLB,2000,NL-C,PIT,5,6,0.4259
MLB,2000,NL-C,STL,1,6,0.5864
MLB,2001,AL-W,ANA,3,4,0.463
MLB,2001,AL-W,OAK,2,4,0.6296
MLB,2001,AL-W,SEA,1,4,0.716
MLB,2001,AL-W,TEX,4,4,0.4506
MLB,2001,NL-W,ARI,1,5,0.5679
MLB,2001,NL-W,COL,5,5,0.4506
MLB,2001,NL-W,LAD,3,5,0.5309
MLB,2001,NL-W,SDP,4,5,0.4877
MLB,2001,NL-W,SFG,2,5,0.5556
MLB,2001,NL-E,ATL,1,5,0.5432
MLB,2001,NL-E,FLA,4,5,0.4691
MLB,2001,NL-E,WSN,5,5,0.4198
MLB,2001,NL-E,NYM,3,5,0.5062
MLB,2001,NL-E,PHI,2,5,0.5309
MLB,2001,AL-E,BAL,4,5,0.3913
MLB,2001,AL-E,BOS,2,5,0.5093
MLB,2001,AL-E,NYY,1,5,0.5938
MLB,2001,AL-E,TBD,5,5,0.3827
MLB,2001,AL-E,TOR,3,5,0.4938
MLB,2001,AL-C,CHW,3,5,0.5123
MLB,2001,AL-C,CLE,1,5,0.5617
MLB,2001,AL-C,DET,4,5,0.4074
MLB,2001,AL-C,KCR,5,5,0.4012
MLB,2001,AL-C,MIN,2,5,0.5247
MLB,2001,NL-C,CHC,3,6,0.5432
MLB,2001,NL-C,CIN,5,6,0.4074
MLB,2001,NL-C,HOU,1,6,0.5741
MLB,2001,NL-C,MIL,4,6,0.4198
MLB,2001,NL-C,PIT,6,6,0.3827
MLB,2001,NL-C,STL,2,6,0.5741
MLB,2002,AL-W,ANA,2,4,0.6111
MLB,2002,AL-W,OAK,1,4,0.6358
MLB,2002,AL-W,SEA,3,4,0.5741
MLB,2002,AL-W,TEX,4,4,0.4444
MLB,2002,NL-W,ARI,1,5,0.6049
MLB,2002,NL-W,COL,4,5,0.4506
MLB,2002,NL-W,LAD,3,5,0.5679
MLB,2002,NL-W,SDP,5,5,0.4074
MLB,2002,NL-W,SFG,2,5,0.5901
MLB,2002,NL-E,ATL,1,5,0.6312
MLB,2002,NL-E,FLA,4,5,0.4877
MLB,2002,NL-E,WSN,2,5,0.5123
MLB,2002,NL-E,NYM,5,5,0.4658
MLB,2002,NL-E,PHI,3,5,0.4969
MLB,2002,AL-E,BAL,4,5,0.4136
MLB,2002,AL-E,BOS,2,5,0.5741
MLB,2002,AL-E,NYY,1,5,0.6398
MLB,2002,AL-E,TBD,5,5,0.3416
MLB,2002,AL-E,TOR,3,5,0.4815
MLB,2002,AL-C,CHW,2,5,0.5
MLB,2002,AL-C,CLE,3,5,0.4568
MLB,2002,AL-C,DET,5,5,0.3416
MLB,2002,AL-C,KCR,4,5,0.3827
MLB,2002,AL-C,MIN,1,5,0.5839
MLB,2002,NL-C,CHC,5,6,0.4136
MLB,2002,NL-C,CIN,3,6,0.4815
MLB,2002,NL-C,HOU,2,6,0.5185
MLB,2002,NL-C,MIL,6,6,0.3457
MLB,2002,NL-C,PIT,4,6,0.4472
MLB,2002,NL-C,STL,1,6,0.5988
MLB,2003,AL-W,ANA,3,4,0.4753
MLB,2003,AL-W,OAK,1,4,0.5926
MLB,2003,AL-W,SEA,2,4,0.5741
MLB,2003,AL-W,TEX,4,4,0.4383
MLB,2003,NL-W,ARI,3,5,0.5185
MLB,2003,NL-W,COL,4,5,0.4568
MLB,2003,NL-W,LAD,2,5,0.5247
MLB,2003,NL-W,SDP,5,5,0.3951
MLB,2003,NL-W,SFG,1,5,0.6211
MLB,2003,NL-E,ATL,1,5,0.6235
MLB,2003,NL-E,FLA,2,5,0.5617
MLB,2003,NL-E,WSN,4,5,0.5123
MLB,2003,NL-E,NYM,5,5,0.4099
MLB,2003,NL-E,PHI,3,5,0.5309
MLB,2003,AL-E,BAL,4,5,0.4383
MLB,2003,AL-E,BOS,2,5,0.5864
MLB,2003,AL-E,NYY,1,5,0.6235
MLB,2003,AL-E,TBD,5,5,0.3889
MLB,2003,AL-E,TOR,3,5,0.5309
MLB,2003,AL-C,CHW,2,5,0.5309
MLB,2003,AL-C,CLE,4,5,0.4198
MLB,2003,AL-C,DET,5,5,0.2654
MLB,2003,AL-C,KCR,3,5,0.5123
MLB,2003,AL-C,MIN,1,5,0.5556
MLB,2003,NL-C,CHC,1,6,0.5432
MLB,2003,NL-C,CIN,5,6,0.4259
MLB,2003,NL-C,HOU,2,6,0.537
MLB,2003,NL-C,MIL,6,6,0.4198
MLB,2003,NL-C,PIT,4,6,0.463
MLB,2003,NL-C,STL,3,6,0.5247
MLB,2004,AL-W,ANA,1,4,0.5679
MLB,2004,AL-W,OAK,2,4,0.5617
MLB,2004,AL-W,SEA,4,4,0.3889
MLB,2004,AL-W,TEX,3,4,0.5494
MLB,2004,NL-W,ARI,5,5,0.3148
MLB,2004,NL-W,COL,4,5,0.4198
MLB,2004,NL-W,LAD,1,5,0.5741
MLB,2004,NL-W,SDP,3,5,0.537
MLB,2004,NL-W,SFG,2,5,0.5617
MLB,2004,NL-E,ATL,1,5,0.5926
MLB,2004,NL-E,FLA,3,5,0.5123
MLB,2004,NL-E,WSN,5,5,0.4136
MLB,2004,NL-E,NYM,4,5,0.4383
MLB,2004,NL-E,PHI,2,5,0.5309
MLB,2004,AL-E,BAL,3,5,0.4815
MLB,2004,AL-E,BOS,2,5,0.6049
MLB,2004,AL-E,NYY,1,5,0.6235
MLB,2004,AL-E,TBD,4,5,0.4348
MLB,2004,AL-E,TOR,5,5,0.4161
MLB,2004,AL-C,CHW,2,5,0.5123
MLB,2004,AL-C,CLE,3,5,0.4938
MLB,2004,AL-C,DET,4,5,0.4444
MLB,2004,AL-C,KCR,5,5,0.358
MLB,2004,AL-C,MIN,1,5,0.5679
MLB,2004,NL-C,CHC,3,6,0.5494
MLB,2004,NL-C,CIN,4,6,0.4691
MLB,2004,NL-C,HOU,2,6,0.5679
MLB,2004,NL-C,MIL,6,6,0.4161
MLB,2004,NL-C,PIT,5,6,0.4472
MLB,2004,NL-C,STL,1,6,0.6481
MLB,2005,NL-W,ARI,2,5,0.4753
MLB,2005,NL-W,COL,5,5,0.4136
MLB,2005,NL-W,LAD,4,5,0.4383
MLB,2005,NL-W,SDP,1,5,0.5062
MLB,2005,NL-W,SFG,3,5,0.463
MLB,2005,NL-E,ATL,1,5,0.5556
MLB,2005,NL-E,FLA,3,5,0.5123
MLB,2005,NL-E,NYM,3,5,0.5123
MLB,2005,NL-E,PHI,2,5,0.5432
MLB,2005,NL-E,WSN,5,5,0.5
MLB,2005,AL-E,BAL,4,5,0.4568
MLB,2005,AL-E,BOS,2,5,0.5864
MLB,2005,AL-E,NYY,1,5,0.5864
MLB,2005,AL-E,TBD,5,5,0.4136
MLB,2005,AL-E,TOR,3,5,0.4938
MLB,2005,AL-C,CHW,1,5,0.6111
MLB,2005,AL-C,CLE,2,5,0.5741
MLB,2005,AL-C,DET,4,5,0.4383
MLB,2005,AL-C,KCR,5,5,0.3457
MLB,2005,AL-C,MIN,3,5,0.5123
MLB,2005,NL-C,CHC,4,6,0.4877
MLB,2005,NL-C,CIN,5,6,0.4506
MLB,2005,NL-C,HOU,2,6,0.5494
MLB,2005,NL-C,MIL,3,6,0.5
MLB,2005,NL-C,PIT,6,6,0.4136
MLB,2005,NL-C,STL,1,6,0.6173
MLB,2005,AL-W,ANA,1,4,0.5864
MLB,2005,AL-W,OAK,2,4,0.5432
MLB,2005,AL-W,SEA,4,4,0.4259
MLB,2005,AL-W,TEX,3,4,0.4877
MLB,2006,NL-W,ARI,4,5,0.4691
MLB,2006,NL-W,COL,4,5,0.4691
MLB,2006,NL-W,LAD,2,5,0.5432
MLB,2006,NL-W,SDP,1,5,0.5432
MLB,2006,NL-W,SFG,3,5,0.472
MLB,2006,NL-E,ATL,3,5,0.4877
MLB,2006,NL-E,FLA,4,5,0.4815
MLB,2006,NL-E,NYM,1,5,0.5988
MLB,2006,NL-E,PHI,2,5,0.5247
MLB,2006,NL-E,WSN,5,5,0.4383
MLB,2006,AL-E,BAL,4,5,0.4321
MLB,2006,AL-E,BOS,3,5,0.5309
MLB,2006,AL-E,NYY,1,5,0.5988
MLB,2006,AL-E,TBD,5,5,0.3765
MLB,2006,AL-E,TOR,2,5,0.537
MLB,2006,AL-C,CHW,3,5,0.5556
MLB,2006,AL-C,CLE,4,5,0.4815
MLB,2006,AL-C,DET,2,5,0.5864
MLB,2006,AL-C,KCR,5,5,0.3827
MLB,2006,AL-C,MIN,1,5,0.5926
MLB,2006,NL-C,CHC,6,6,0.4074
MLB,2006,NL-C,CIN,3,6,0.4938
MLB,2006,NL-C,HOU,2,6,0.5062
MLB,2006,NL-C,MIL,4,6,0.463
MLB,2006,NL-C,PIT,5,6,0.4136
MLB,2006,NL-C,STL,1,6,0.5155
MLB,2006,AL-W,ANA,2,4,0.5494
MLB,2006,AL-W,OAK,1,4,0.5741
MLB,2006,AL-W,SEA,4,4,0.4815
MLB,2006,AL-W,TEX,3,4,0.4938
MLB,2007,NL-W,ARI,1,5,0.5556
MLB,2007,NL-W,COL,2,5,0.5521
MLB,2007,NL-W,LAD,4,5,0.5062
MLB,2007,NL-W,SDP,3,5,0.546
MLB,2007,NL-W,SFG,5,5,0.4383
MLB,2007,NL-E,ATL,3,5,0.5185
MLB,2007,NL-E,FLA,5,5,0.4383
MLB,2007,NL-E,NYM,2,5,0.5432
MLB,2007,NL-E,PHI,1,5,0.5494
MLB,2007,NL-E,WSN,4,5,0.4506
MLB,2007,AL-E,BAL,4,5,0.4259
MLB,2007,AL-E,BOS,1,5,0.5926
MLB,2007,AL-E,NYY,2,5,0.5802
MLB,2007,AL-E,TBD,5,5,0.4074
MLB,2007,AL-E,TOR,3,5,0.5123
MLB,2007,AL-C,CHW,4,5,0.4444
MLB,2007,AL-C,CLE,1,5,0.5926
MLB,2007,AL-C,DET,2,5,0.5432
MLB,2007,AL-C,KCR,5,5,0.4259
MLB,2007,AL-C,MIN,3,5,0.4877
MLB,2007,NL-C,CHC,1,6,0.5247
MLB,2007,NL-C,CIN,5,6,0.4444
MLB,2007,NL-C,HOU,4,6,0.4506
MLB,2007,NL-C,MIL,2,6,0.5123
MLB,2007,NL-C,PIT,6,6,0.4198
MLB,2007,NL-C,STL,3,6,0.4815
MLB,2007,AL-W,ANA,1,4,0.5802
MLB,2007,AL-W,OAK,3,4,0.4691
MLB,2007,AL-W,SEA,2,4,0.5432
MLB,2007,AL-W,TEX,4,4,0.463
MLB,2008,NL-W,ARI,2,5,0.5062
MLB,2008,NL-W,COL,3,5,0.4568
MLB,2008,NL-W,LAD,1,5,0.5185
MLB,2008,NL-W,SDP,5,5,0.3889
MLB,2008,NL-W,SFG,4,5,0.4444
MLB,2008,NL-E,ATL,4,5,0.4444
MLB,2008,NL-E,FLA,3,5,0.5217
MLB,2008,NL-E,NYM,2,5,0.5494
MLB,2008,NL-E,PHI,1,5,0.5679
MLB,2008,NL-E,WSN,5,5,0.3665
MLB,2008,AL-E,BAL,5,5,0.4224
MLB,2008,AL-E,BOS,2,5,0.5864
MLB,2008,AL-E,NYY,3,5,0.5494
MLB,2008,AL-E,TBD,1,5,0.5988
MLB,2008,AL-E,TOR,4,5,0.5309
MLB,2008,AL-C,CHW,1,5,0.546
MLB,2008,AL-C,CLE,3,5,0.5
MLB,2008,AL-C,DET,5,5,0.4568
MLB,2008,AL-C,KCR,4,5,0.463
MLB,2008,AL-C,MIN,2,5,0.5399
MLB,2008,NL-C,CHC,1,6,0.6025
MLB,2008,NL-C,CIN,5,6,0.4568
MLB,2008,NL-C,HOU,3,6,0.5342
MLB,2008,NL-C,MIL,2,6,0.5556
MLB,2008,NL-C,PIT,6,6,0.4136
MLB,2008,NL-C,STL,4,6,0.5309
MLB,2008,AL-W,ANA,1,4,0.6173
MLB,2008,AL-W,OAK,3,4,0.4658
MLB,2008,AL-W,SEA,4,4,0.3765
MLB,2008,AL-W,TEX,2,4,0.4877
MLB,2009,NL-W,ARI,5,5,0.4321
MLB,2009,NL-W,COL,2,5,0.5679
MLB,2009,NL-W,LAD,1,5,0.5864
MLB,2009,NL-W,SDP,4,5,0.463
MLB,2009,NL-W,SFG,3,5,0.5432
MLB,2009,NL-E,ATL,3,5,0.5309
MLB,2009,NL-E,FLA,2,5,0.537
MLB,2009,NL-E,NYM,4,5,0.4321
MLB,2009,NL-E,PHI,1,5,0.5741
MLB,2009,NL-E,WSN,5,5,0.3642
MLB,2009,AL-E,BAL,5,5,0.3951
MLB,2009,AL-E,BOS,2,5,0.5864
MLB,2009,AL-E,NYY,1,5,0.6358
MLB,2009,AL-E,TBD,3,5,0.5185
MLB,2009,AL-E,TOR,4,5,0.463
MLB,2009,AL-C,CHW,3,5,0.4877
MLB,2009,AL-C,CLE,4,5,0.4012
MLB,2009,AL-C,DET,2,5,0.5276
MLB,2009,AL-C,KCR,4,5,0.4012
MLB,2009,AL-C,MIN,1,5,0.5337
MLB,2009,NL-C,CHC,2,6,0.5155
MLB,2009,NL-C,CIN,4,6,0.4815
MLB,2009,NL-C,HOU,5,6,0.4568
MLB,2009,NL-C,MIL,3,6,0.4938
MLB,2009,NL-C,PIT,6,6,0.3851
MLB,2009,NL-C,STL,1,6,0.5617
MLB,2009,AL-W,ANA,1,4,0.5988
MLB,2009,AL-W,OAK,4,4,0.463
MLB,2009,AL-W,SEA,3,4,0.5247
MLB,2009,AL-W,TEX,2,4,0.537
MLB,2010,NL-W,ARI,5,5,0.4012
MLB,2010,NL-W,COL,3,5,0.5123
MLB,2010,NL-W,LAD,4,5,0.4938
MLB,2010,NL-W,SDP,2,5,0.5556
MLB,2010,NL-W,SFG,1,5,0.5679
MLB,2010,NL-E,ATL,2,5,0.5617
MLB,2010,NL-E,FLA,3,5,0.4938
MLB,2010,NL-E,NYM,4,5,0.4877
MLB,2010,NL-E,PHI,1,5,0.5988
MLB,2010,NL-E,WSN,5,5,0.4259
MLB,2010,AL-E,BAL,5,5,0.4074
MLB,2010,AL-E,BOS,3,5,0.5494
MLB,2010,AL-E,NYY,2,5,0.5864
MLB,2010,AL-E,TBD,1,5,0.5926
MLB,2010,AL-E,TOR,4,5,0.5247
MLB,2010,AL-C,CHW,2,5,0.5432
MLB,2010,AL-C,CLE,4,5,0.4259
MLB,2010,AL-C,DET,3,5,0.5
MLB,2010,AL-C,KCR,5,5,0.4136
MLB,2010,AL-C,MIN,1,5,0.5802
MLB,2010,NL-C,CHC,5,6,0.463
MLB,2010,NL-C,CIN,1,6,0.5617
MLB,2010,NL-C,HOU,4,6,0.4691
MLB,2010,NL-C,MIL,3,6,0.4753
MLB,2010,NL-C,PIT,6,6,0.3519
MLB,2010,NL-C,STL,2,6,0.5309
MLB,2010,AL-W,ANA,3,4,0.4938
MLB,2010,AL-W,OAK,2,4,0.5
MLB,2010,AL-W,SEA,4,4,0.3765
MLB,2010,AL-W,TEX,1,4,0.5556
MLB,2011,NL-W,ARI,1,5,0.5802
MLB,2011,NL-W,COL,4,5,0.4506
MLB,2011,NL-W,LAD,3,5,0.5093
MLB,2011,NL-W,SDP,5,5,0.4383
MLB,2011,NL-W,SFG,2,5,0.5309
MLB,2011,NL-E,ATL,2,5,0.5494
MLB,2011,NL-E,FLA,5,5,0.4444
MLB,2011,NL-E,NYM,4,5,0.4753
MLB,2011,NL-E,PHI,1,5,0.6296
MLB,2011,NL-E,WSN,3,5,0.4969
MLB,2011,AL-E,BAL,5,5,0.4259
MLB,2011,AL-E,BOS,3,5,0.5556
MLB,2011,AL-E,NYY,1,5,0.5988
MLB,2011,AL-E,TBD,2,5,0.5617
MLB,2011,AL-E,TOR,4,5,0.5
MLB,2011,AL-C,CHW,3,5,0.4877
MLB,2011,AL-C,CLE,2,5,0.4938
MLB,2011,AL-C,DET,1,5,0.5864
MLB,2011,AL-C,KCR,4,5,0.4383
MLB,2011,AL-C,MIN,5,5,0.3889
MLB,2011,NL-C,CHC,5,6,0.4383
MLB,2011,NL-C,CIN,3,6,0.4877
MLB,2011,NL-C,HOU,6,6,0.3457
MLB,2011,NL-C,MIL,1,6,0.5926
MLB,2011,NL-C,PIT,4,6,0.4444
MLB,2011,NL-C,STL,2,6,0.5556
MLB,2011,AL-W,ANA,2,4,0.5309
MLB,2011,AL-W,OAK,3,4,0.4568
MLB,2011,AL-W,SEA,4,4,0.4136
MLB,2011,AL-W,TEX,1,4,0.5926
MLB,2012,NL-W,ARI,3,5,0.5
MLB,2012,NL-W,COL,5,5,0.3951
MLB,2012,NL-W,LAD,2,5,0.5309
MLB,2012,NL-W,SDP,4,5,0.4691
MLB,2012,NL-W,SFG,1,5,0.5802
MLB,2012,NL-E,ATL,2,5,0.5802
MLB,2012,NL-E,FLA,5,5,0.4259
MLB,2012,NL-E,NYM,4,5,0.4568
MLB,2012,NL-E,PHI,3,5,0.5
MLB,2012,NL-E,WSN,1,5,0.6049
MLB,2012,AL-E,BAL,2,5,0.5741
MLB,2012,AL-E,BOS,5,5,0.4259
MLB,2012,AL-E,NYY,1,5,0.5864
MLB,2012,AL-E,TBD,3,5,0.5556
MLB,2012,AL-E,TOR,4,5,0.4506
MLB,2012,AL-C,CHW,2,5,0.5247
MLB,2012,AL-C,CLE,4,5,0.4198
MLB,2012,AL-C,DET,1,5,0.5432
MLB,2012,AL-C,KCR,3,5,0.4444
MLB,2012,AL-C,MIN,5,5,0.4074
MLB,2012,NL-C,CHC,5,6,0.3765
MLB,2012,NL-C,CIN,1,6,0.5988
MLB,2012,NL-C,HOU,6,6,0.3395
MLB,2012,NL-C,MIL,3,6,0.5123
MLB,2012,NL-C,PIT,4,6,0.4877
MLB,2012,NL-C,STL,2,6,0.5432
MLB,2012,AL-W,ANA,3,4,0.5494
MLB,2012,AL-W,OAK,1,4,0.5802
MLB,2012,AL-W,SEA,4,4,0.463
MLB,2012,AL-W,TEX,2,4,0.5741
MLB,2013,NL-W,ARI,2,5,0.5
MLB,2013,NL-W,COL,5,5,0.4568
MLB,2013,NL-W,LAD,1,5,0.5679
MLB,2013,NL-W,SDP,3,5,0.4691
MLB,2013,NL-W,SFG,4,5,0.4691
MLB,2013,NL-E,ATL,1,5,0.5926
MLB,2013,NL-E,FLA,5,5,0.3827
MLB,2013,NL-E,NYM,4,5,0.4568
MLB,2013,NL-E,PHI,4,5,0.4506
MLB,2013,NL-E,WSN,2,5,0.5309
MLB,2013,AL-E,BAL,3,5,0.5247
MLB,2013,AL-E,BOS,1,5,0.5988
MLB,2013,AL-E,NYY,4,5,0.5247
MLB,2013,AL-E,TBD,2,5,0.5644
MLB,2013,AL-E,TOR,5,5,0.4568
MLB,2013,AL-C,CHW,5,5,0.3889
MLB,2013,AL-C,CLE,2,5,0.5679
MLB,2013,AL-C,DET,1,5,0.5741
MLB,2013,AL-C,KCR,3,5,0.5309
MLB,2013,AL-C,MIN,4,5,0.4074
MLB,2013,NL-C,CHC,5,5,0.4074
MLB,2013,NL-C,CIN,3,5,0.5556
MLB,2013,NL-C,MIL,4,5,0.4568
MLB,2013,NL-C,PIT,2,5,0.5802
MLB,2013,NL-C,STL,1,5,0.5988
MLB,2013,AL-W,HOU,5,5,0.3148
MLB,2013,AL-W,ANA,3,5,0.4815
MLB,2013,AL-W,OAK,1,5,0.5926
MLB,2013,AL-W,SEA,4,5,0.4383
MLB,2013,AL-W,TEX,2,5,0.5583
MLB,2014,NL-W,ARI,5,5,0.3951
MLB,2014,NL-W,COL,4,5,0.4074
MLB,2014,NL-W,LAD,1,5,0.5802
MLB,2014,NL-W,SDP,3,5,0.4753
MLB,2014,NL-W,SFG,2,5,0.5432
MLB,2014,NL-E,ATL,2,5,0.4877
MLB,2014,NL-E,FLA,4,5,0.4753
MLB,2014,NL-E,NYM,3,5,0.4877
MLB,2014,NL-E,PHI,5,5,0.4506
MLB,2014,NL-E,WSN,1,5,0.5926
MLB,2014,AL-E,BAL,1,5,0.5926
MLB,2014,AL-E,BOS,5,5,0.4383
MLB,2014,AL-E,NYY,2,5,0.5185
MLB,2014,AL-E,TBD,4,5,0.4753
MLB,2014,AL-E,TOR,3,5,0.5123
MLB,2014,AL-C,CHW,4,5,0.4506
MLB,2014,AL-C,CLE,3,5,0.5247
MLB,2014,AL-C,DET,1,5,0.5556
MLB,2014,AL-C,KCR,2,5,0.5494
MLB,2014,AL-C,MIN,5,5,0.4321
MLB,2014,NL-C,CHC,5,5,0.4506
MLB,2014,NL-C,CIN,4,5,0.4691
MLB,2014,NL-C,MIL,3,5,0.5062
MLB,2014,NL-C,PIT,2,5,0.5432
MLB,2014,NL-C,STL,1,5,0.5556
MLB,2014,AL-W,HOU,4,5,0.4321
MLB,2014,AL-W,ANA,1,5,0.6049
MLB,2014,AL-W,OAK,2,5,0.5432
MLB,2014,AL-W,SEA,3,5,0.537
MLB,2014,AL-W,TEX,5,5,0.4136
MLB,2015,NL-W,ARI,3,5,0.4877
MLB,2015,NL-W,COL,5,5,0.4198
MLB,2015,NL-W,LAD,1,5,0.5679
MLB,2015,NL-W,SDP,4,5,0.4568
MLB,2015,NL-W,SFG,2,5,0.5185
MLB,2015,NL-E,ATL,4,5,0.4136
MLB,2015,NL-E,FLA,3,5,0.4383
MLB,2015,NL-E,NYM,1,5,0.5556
MLB,2015,NL-E,PHI,5,5,0.3889
MLB,2015,NL-E,WSN,2,5,0.5123
MLB,2015,AL-E,BAL,3,5,0.5
MLB,2015,AL-E,BOS,5,5,0.4815
MLB,2015,AL-E,NYY,2,5,0.537
MLB,2015,AL-E,TBD,4,5,0.4938
MLB,2015,AL-E,TOR,1,5,0.5741
MLB,2015,AL-C,CHW,4,5,0.4691
MLB,2015,AL-C,CLE,3,5,0.5031
MLB,2015,AL-C,DET,5,5,0.4596
MLB,2015,AL-C,KCR,1,5,0.5864
MLB,2015,AL-C,MIN,2,5,0.5123
MLB,2015,NL-C,CHC,3,5,0.5988
MLB,2015,NL-C,CIN,5,5,0.3951
MLB,2015,NL-C,MIL,4,5,0.4198
MLB,2015,NL-C,PIT,2,5,0.6049
MLB,2015,NL-C,STL,1,5,0.6173
MLB,2015,AL-W,HOU,2,5,0.5309
MLB,2015,AL-W,ANA,3,5,0.5247
MLB,2015,AL-W,OAK,5,5,0.4198
MLB,2015,AL-W,SEA,4,5,0.4691
MLB,2015,AL-W,TEX,1,5,0.5432
MLB,2016,NL-W,ARI,4,5,0.4259
MLB,2016,NL-W,COL,3,5,0.463
MLB,2016,NL-W,LAD,1,5,0.5617
MLB,2016,NL-W,SDP,5,5,0.4198
MLB,2016,NL-W,SFG,2,5,0.537
MLB,2016,NL-E,ATL,5,5,0.4224
MLB,2016,NL-E,FLA,3,5,0.4907
MLB,2016,NL-E,NYM,2,5,0.537
MLB,2016,NL-E,PHI,4,5,0.4383
MLB,2016,NL-E,WSN,1,5,0.5864
MLB,2016,AL-E,BAL,2,5,0.5494
MLB,2016,AL-E,BOS,1,5,0.5741
MLB,2016,AL-E,NYY,4,5,0.5185
MLB,2016,AL-E,TBD,5,5,0.4198
MLB,2016,AL-E,TOR,2,5,0.5494
MLB,2016,AL-C,CHW,4,5,0.4815
MLB,2016,AL-C,CLE,1,5,0.5839
MLB,2016,AL-C,DET,2,5,0.5342
MLB,2016,AL-C,KCR,3,5,0.5
MLB,2016,AL-C,MIN,5,5,0.3642
MLB,2016,NL-C,CHC,1,5,0.6398
MLB,2016,NL-C,CIN,5,5,0.4198
MLB,2016,NL-C,MIL,4,5,0.4506
MLB,2016,NL-C,PIT,3,5,0.4845
MLB,2016,NL-C,STL,2,5,0.5309
MLB,2016,AL-W,HOU,3,5,0.5185
MLB,2016,AL-W,ANA,4,5,0.4568
MLB,2016,AL-W,OAK,5,5,0.4259
MLB,2016,AL-W,SEA,2,5,0.5309
MLB,2016,AL-W,TEX,1,5,0.5864
MLB,2017,NL-W,ARI,2,5,0.5741
MLB,2017,NL-W,COL,3,5,0.537
MLB,2017,NL-W,LAD,1,5,0.642
MLB,2017,NL-W,SDP,4,5,0.4383
MLB,2017,NL-W,SFG,5,5,0.3951
MLB,2017,NL-E,ATL,3,5,0.4444
MLB,2017,NL-E,FLA,2,5,0.4753
MLB,2017,NL-E,NYM,4,5,0.4321
MLB,2017,NL-E,PHI,5,5,0.4074
MLB,2017,NL-E,WSN,1,5,0.5988
MLB,2017,AL-E,BAL,5,5,0.463
MLB,2017,AL-E,BOS,1,5,0.5741
MLB,2017,AL-E,NYY,2,5,0.5617
MLB,2017,AL-E,TBD,3,5,0.4938
MLB,2017,AL-E,TOR,4,5,0.4691
MLB,2017,AL-C,CHW,4,5,0.4136
MLB,2017,AL-C,CLE,1,5,0.6296
MLB,2017,AL-C,DET,5,5,0.3951
MLB,2017,AL-C,KCR,3,5,0.4938
MLB,2017,AL-C,MIN,2,5,0.5247
MLB,2017,NL-C,CHC,1,5,0.5679
MLB,2017,NL-C,CIN,5,5,0.4198
MLB,2017,NL-C,MIL,2,5,0.5309
MLB,2017,NL-C,PIT,4,5,0.463
MLB,2017,NL-C,STL,3,5,0.5123
MLB,2017,AL-W,HOU,1,5,0.6235
MLB,2017,AL-W,ANA,2,5,0.4938
MLB,2017,AL-W,OAK,5,5,0.463
MLB,2017,AL-W,SEA,3,5,0.4815
MLB,2017,AL-W,TEX,4,5,0.4815
MLB,2018,NL-W,ARI,3,5,0.5062
MLB,2018,NL-W,COL,2,5,0.5583
MLB,2018,NL-W,LAD,1,5,0.5644
MLB,2018,NL-W,SDP,5,5,0.4074
MLB,2018,NL-W,SFG,4,5,0.4506
MLB,2018,NL-E,ATL,1,5,0.5556
MLB,2018,NL-E,FLA,5,5,0.3913
MLB,2018,NL-E,NYM,4,5,0.4753
MLB,2018,NL-E,PHI,3,5,0.4938
MLB,2018,NL-E,WSN,2,5,0.5062
MLB,2018,AL-E,BAL,5,5,0.2901
MLB,2018,AL-E,BOS,1,5,0.6667
MLB,2018,AL-E,NYY,2,5,0.6173
MLB,2018,AL-E,TBD,3,5,0.5556
MLB,2018,AL-E,TOR,4,5,0.4506
MLB,2018,AL-C,CHW,4,5,0.3827
MLB,2018,AL-C,CLE,1,5,0.5617
MLB,2018,AL-C,DET,3,5,0.3951
MLB,2018,AL-C,KCR,5,5,0.358
MLB,2018,AL-C,MIN,2,5,0.4815
MLB,2018,NL-C,CHC,2,5,0.5828
MLB,2018,NL-C,CIN,5,5,0.4136
MLB,2018,NL-C,MIL,1,5,0.589
MLB,2018,NL-C,PIT,4,5,0.5093
MLB,2018,NL-C,STL,3,5,0.5432
MLB,2018,AL-W,HOU,1,5,0.6358
MLB,2018,AL-W,ANA,4,5,0.4938
MLB,2018,AL-W,OAK,2,5,0.5988
MLB,2018,AL-W,SEA,3,5,0.5494
MLB,2018,AL-W,TEX,5,5,0.4136
MLB,2019,NL-W,ARI,2,5,0.5247
MLB,2019,NL-W,COL,4,5,0.4383
MLB,2019,NL-W,LAD,1,5,0.6543
MLB,2019,NL-W,SDP,5,5,0.4321
MLB,2019,NL-W,SFG,3,5,0.4753
MLB,2019,NL-E,ATL,1,5,0.5988
MLB,2019,NL-E,FLA,5,5,0.3519
MLB,2019,NL-E,NYM,3,5,0.5309
MLB,2019,NL-E,PHI,4,5,0.5
MLB,2019,NL-E,WSN,2,5,0.5741
MLB,2019,AL-E,BAL,5,5,0.3333
MLB,2019,AL-E,BOS,3,5,0.5185
MLB,2019,AL-E,NYY,1,5,0.6358
MLB,2019,AL-E,TBD,2,5,0.5926
MLB,2019,AL-E,TOR,4,5,0.4136
MLB,2019,AL-C,CHW,3,5,0.4472
MLB,2019,AL-C,CLE,2,5,0.5741
MLB,2019,AL-C,DET,5,5,0.2919
MLB,2019,AL-C,KCR,4,5,0.3642
MLB,2019,AL-C,MIN,1,5,0.6235
MLB,2019,NL-C,CHC,3,5,0.5185
MLB,2019,NL-C,CIN,4,5,0.463
MLB,2019,NL-C,MIL,2,5,0.5494
MLB,2019,NL-C,PIT,5,5,0.4259
MLB,2019,NL-C,STL,1,5,0.5617
MLB,2019,AL-W,HOU,1,5,0.6605
MLB,2019,AL-W,ANA,4,5,0.4444
MLB,2019,AL-W,OAK,2,5,0.5988
MLB,2019,AL-W,SEA,5,5,0.4198
MLB,2019,AL-W,TEX,3,5,0.4815
MLB,2020,NL-W,ARI,5,5,0.4167
MLB,2020,NL-W,COL,4,5,0.4333
MLB,2020,NL-W,LAD,1,5,0.7167
MLB,2020,NL-W,SDP,2,5,0.6167
MLB,2020,NL-W,SFG,3,5,0.4833
MLB,2020,NL-E,ATL,1,5,0.5833
MLB,2020,NL-E,FLA,2,5,0.5167
MLB,2020,NL-E,NYM,4,5,0.4333
MLB,2020,NL-E,PHI,3,5,0.4667
MLB,2020,NL-E,WSN,4,5,0.4333
MLB,2020,AL-E,BAL,4,5,0.4167
MLB,2020,AL-E,BOS,5,5,0.4
MLB,2020,AL-E,NYY,2,5,0.55
MLB,2020,AL-E,TBD,1,5,0.6667
MLB,2020,AL-E,TOR,3,5,0.5333
MLB,2020,AL-C,CHW,2,5,0.5833
MLB,2020,AL-C,CLE,2,5,0.5833
MLB,2020,AL-C,DET,5,5,0.3966
MLB,2020,AL-C,KCR,4,5,0.4333
MLB,2020,AL-C,MIN,1,5,0.6
MLB,2020,NL-C,CHC,1,5,0.5667
MLB,2020,NL-C,CIN,2,5,0.5167
MLB,2020,NL-C,MIL,4,5,0.4833
MLB,2020,NL-C,PIT,5,5,0.3167
MLB,2020,NL-C,STL,3,5,0.5172
MLB,2020,AL-W,HOU,2,5,0.4833
MLB,2020,AL-W,ANA,4,5,0.4333
MLB,2020,AL-W,OAK,1,5,0.6
MLB,2020,AL-W,SEA,3,5,0.45
MLB,2020,AL-W,TEX,5,5,0.3667
MLB,2021,NL-W,ARI,5,5,0.321
MLB,2021,NL-W,COL,4,5,0.4596
MLB,2021,NL-W,LAD,2,5,0.6543
MLB,2021,NL-W,SDP,3,5,0.4877
MLB,2021,NL-W,SFG,1,5,0.6605
MLB,2021,NL-E,ATL,1,5,0.5466
MLB,2021,NL-E,FLA,4,5,0.4136
MLB,2021,NL-E,NYM,3,5,0.4753
MLB,2021,NL-E,PHI,2,5,0.5062
MLB,2021,NL-E,WSN,5,5,0.4012
MLB,2021,AL-E,BAL,5,5,0.321
MLB,2021,AL-E,BOS,2,5,0.5679
MLB,2021,AL-E,NYY,2,5,0.5679
MLB,2021,AL-E,TBD,1,5,0.6173
MLB,2021,AL-E,TOR,4,5,0.5617
MLB,2021,AL-C,CHW,1,5,0.5741
MLB,2021,AL-C,CLE,2,5,0.4938
MLB,2021,AL-C,DET,3,5,0.4753
MLB,2021,AL-C,KCR,4,5,0.4568
MLB,2021,AL-C,MIN,5,5,0.4506
MLB,2021,NL-C,CHC,4,5,0.4383
MLB,2021,NL-C,CIN,3,5,0.5123
MLB,2021,NL-C,MIL,1,5,0.5864
MLB,2021,NL-C,PIT,5,5,0.3765
MLB,2021,NL-C,STL,2,5,0.5556
MLB,2021,AL-W,HOU,1,5,0.5864
MLB,2021,AL-W,ANA,4,5,0.4753
MLB,2021,AL-W,OAK,3,5,0.5309
MLB,2021,AL-W,SEA,2,5,0.5556
MLB,2021,AL-W,TEX,5,5,0.3704
EPL,1996,ALL,Manchester United,1,20,
EPL,1996,ALL,Newcastle United,2,20,
EPL,1996,ALL,Liverpool,3,20,
EPL,1996,ALL,Aston Villa,4,20,
EPL,1996,ALL,Arsenal,5,20,
EPL,1996,ALL,Everton,6,20,
EPL,1996,ALL,Blackburn Rovers,7,20,
EPL,1996,ALL,Tottenham Hotspur,8,20,
EPL,1996,ALL,Nottingham Forest,9,20,
EPL,1996,ALL,West Ham United,10,20,
EPL,1996,ALL,Chelsea,11,20,
EPL,1996,ALL,Middlesbrough,12,20,
EPL,1996,ALL,Leeds United,13,20,
EPL,1996,ALL,Wimbledon,14,20,
EPL,1996,ALL,Sheffield Wednesday,15,20,
EPL,1996,ALL,Coventry City,16,20,
EPL,1996,ALL,Southampton,17,20,
EPL,1996,ALL,Manchester City,18,20,
EPL,1996,ALL,Queens Park Rangers,19,20,
EPL,1996,ALL,Bolton Wanderers,20,20,
EPL,1997,ALL,Manchester United,1,20,
EPL,1997,ALL,Newcastle United,2,20,
EPL,1997,ALL,Arsenal,3,20,
EPL,1997,ALL,Liverpool,4,20,
EPL,1997,ALL,Aston Villa,5,20,
EPL,1997,ALL,Chelsea,6,20,
EPL,1997,ALL,Sheffield Wednesday,7,20,
EPL,1997,ALL,Wimbledon,8,20,
EPL,1997,ALL,Leicester City,9,20,
EPL,1997,ALL,Tottenham Hotspur,10,20,
EPL,1997,ALL,Leeds United,11,20,
EPL,1997,ALL,Derby County,12,20,
EPL,1997,ALL,Blackburn Rovers,13,20,
EPL,1997,ALL,Middlesbrough,14,20,
EPL,1997,ALL,West Ham United,15,20,
EPL,1997,ALL,Everton,16,20,
EPL,1997,ALL,Southampton,17,20,
EPL,1997,ALL,Coventry City,18,20,
EPL,1997,ALL,Sunderland,19,20,
EPL,1997,ALL,Nottingham Forest,20,20,
EPL,1998,ALL,Arsenal,1,20,
EPL,1998,ALL,Manchester United,2,20,
EPL,1998,ALL,Liverpool,3,20,
EPL,1998,ALL,Chelsea,4,20,
EPL,1998,ALL,Leeds United,5,20,
EPL,1998,ALL,Blackburn Rovers,6,20,
EPL,1998,ALL,Aston Villa,7,20,
EPL,1998,ALL,West Ham United,8,20,
EPL,1998,ALL,Derby County,9,20,
EPL,1998,ALL,Leicester City,10,20,
EPL,1998,ALL,Coventry City,11,20,
EPL,1998,ALL,Southampton,12,20,
EPL,1998,ALL,Newcastle United,13,20,
EPL,1998,ALL,Tottenham Hotspur,14,20,
EPL,1998,ALL,Wimbledon,15,20,
EPL,1998,ALL,Sheffield Wednesday,16,20,
EPL,1998,ALL,Everton,17,20,
EPL,1998,ALL,Bolton Wanderers,18,20,
EPL,1998,ALL,Barnsley,19,20,
EPL,1998,ALL,Crystal Palace,20,20,
EPL,1999,ALL,Manchester United,1,20,
EPL,1999,ALL,Arsenal,2,20,
EPL,1999,ALL,Chelsea,3,20,
EPL,1999,ALL,Leeds United,4,20,
EPL,1999,ALL,West Ham United,5,20,
EPL,1999,ALL,Aston Villa,6,20,
EPL,1999,ALL,Liverpool,7,20,
EPL,1999,ALL,Derby County,8,20,
EPL,1999,ALL,Middlesbrough,9,20,
EPL,1999,ALL,Leicester City,10,20,
EPL,1999,ALL,Tottenham Hotspur,11,20,
EPL,1999,ALL,Sheffield Wednesday,12,20,
EPL,1999,ALL,Newcastle United,13,20,
EPL,1999,ALL,Everton,14,20,
EPL,1999,ALL,Coventry City,15,20,
EPL,1999,ALL,Wimbledon,16,20,
EPL,1999,ALL,Southampton,17,20,
EPL,1999,ALL,Charlton Athletic,18,20,
EPL,1999,ALL,Blackburn Rovers,19,20,
EPL,1999,ALL,Nottingham Forest,20,20,
EPL,2000,ALL,Manchester United,1,20,
EPL,2000,ALL,Arsenal,2,20,
EPL,2000,ALL,Leeds United,3,20,
EPL,2000,ALL,Liverpool,4,20,
EPL,2000,ALL,Chelsea,5,20,
EPL,2000,ALL,Aston Villa,6,20,
EPL,2000,ALL,Sunderland,7,20,
EPL,2000,ALL,Leicester City,8,20,
EPL,2000,ALL,West Ham United,9,20,
EPL,2000,ALL,Tottenham Hotspur,10,20,
EPL,2000,ALL,Newcastle United,11,20,
EPL,2000,ALL,Middlesbrough,12,20,
EPL,2000,ALL,Everton,13,20,
EPL,2000,ALL,Coventry City,14,20,
EPL,2000,ALL,Southampton,15,20,
EPL,2000,ALL,Derby County,16,20,
EPL,2000,ALL,Bradford City,17,20,
EPL,2000,ALL,Wimbledon,18,20,
EPL,2000,ALL,Sheffield Wednesday,19,20,
EPL,2000,ALL,Watford,20,20,
EPL,2001,ALL,Manchester United,1,20,
EPL,2001,ALL,Arsenal,2,20,
EPL,2001,ALL,Liverpool,3,20,
EPL,2001,ALL,Leeds United,4,20,
EPL,2001,ALL,Ipswich Town,5,20,
EPL,2001,ALL,Chelsea,6,20,
EPL,2001,ALL,Sunderland,7,20,
EPL,2001,ALL,Aston Villa,8,20,
EPL,2001,ALL,Charlton Athletic,9,20,
EPL,2001,ALL,Southampton,10,20,
EPL,2001,ALL,Newcastle United,11,20,
EPL,2001,ALL,Tottenham Hotspur,12,20,
EPL,2001,ALL,Leicester City,13,20,
EPL,2001,ALL,Middlesbrough,14,20,
EPL,2001,ALL,West Ham United,15,20,
EPL,2001,ALL,Everton,16,20,
EPL,2001,ALL,Derby County,17,20,
EPL,2001,ALL,Manchester City,18,20,
EPL,2001,ALL,Coventry City,19,20,
EPL,2001,ALL,Bradford City,20,20,
EPL,2002,ALL,Arsenal,1,20,
EPL,2002,ALL,Liverpool,2,20,
EPL,2002,ALL,Manchester United,3,20,
EPL,2002,ALL,Newcastle United,4,20,
EPL,2002,ALL,Leeds United,5,20,
EPL,2002,ALL,Chelsea,6,20,
EPL,2002,ALL,West Ham United,7,20,
EPL,2002,ALL,Aston Villa,8,20,
EPL,2002,ALL,Tottenham Hotspur,9,20,
EPL,2002,ALL,Blackburn Rovers,10,20,
EPL,2002,ALL,Southampton,11,20,
EPL,2002,ALL,Middlesbrough,12,20,
EPL,2002,ALL,Fulham,13,20,
EPL,2002,ALL,Charlton Athletic,14,20,
EPL,2002,ALL,Everton,15,20,
EPL,2002,ALL,Bolton Wanderers,16,20,
EPL,2002,ALL,Sunderland,17,20,
EPL,2002,ALL,Ipswich Town,18,20,
EPL,2002,ALL,Derby County,19,20,
EPL,2002,ALL,Leicester City,20,20,
EPL,2003,ALL,Manchester United,1,20,
EPL,2003,ALL,Arsenal,2,20,
EPL,2003,ALL,Newcastle United,3,20,
EPL,2003,ALL,Chelsea,4,20,
EPL,2003,ALL,Liverpool,5,20,
EPL,2003,ALL,Blackburn Rovers,6,20,
EPL,2003,ALL,Everton,7,20,
EPL,2003,ALL,Southampton,8,20,
EPL,2003,ALL,Manchester City,9,20,
EPL,2003,ALL,Tottenham Hotspur,10,20,
EPL,2003,ALL,Middlesbrough,11,20,
EPL,2003,ALL,Charlton Athletic,12,20,
EPL,2003,ALL,Birmingham City,13,20,
EPL,2003,ALL,Fulham,14,20,
EPL,2003,ALL,Leeds United,15,20,
EPL,2003,ALL,Aston Villa,16,20,
EPL,2003,ALL,Bolton Wanderers,17,20,
EPL,2003,ALL,West Ham United,18,20,
EPL,2003,ALL,West Bromwich Albion,19,20,
EPL,2003,ALL,Sunderland,20,20,
EPL,2004,ALL,Arsenal,1,20,
EPL,2004,ALL,Chelsea,2,20,
EPL,2004,ALL,Manchester United,3,20,
EPL,2004,ALL,Liverpool,4,20,
EPL,2004,ALL,Newcastle United,5,20,
EPL,2004,ALL,Aston Villa,6,20,
EPL,2004,ALL,Charlton Athletic,7,20,
EPL,2004,ALL,Bolton Wanderers,8,20,
EPL,2004,ALL,Fulham,9,20,
EPL,2004,ALL,Birmingham City,10,20,
EPL,2004,ALL,Middlesbrough,11,20,
EPL,2004,ALL,Southampton,12,20,
EPL,2004,ALL,Portsmouth,13,20,
EPL,2004,ALL,Tottenham Hotspur,14,20,
EPL,2004,ALL,Blackburn Rovers,15,20,
EPL,2004,ALL,Manchester City,16,20,
EPL,2004,ALL,Everton,17,20,
EPL,2004,ALL,Leicester City,18,20,
EPL,2004,ALL,Leeds United,19,20,
EPL,2004,ALL,Wolverhampton Wanderers,20,20,
EPL,2005,ALL,Chelsea,1,20,
EPL,2005,ALL,Arsenal,2,20,
EPL,2005,ALL,Manchester United,3,20,
EPL,2005,ALL,Everton,4,20,
EPL,2005,ALL,Liverpool,5,20,
EPL,2005,ALL,Bolton Wanderers,6,20,
EPL,2005,ALL,Middlesbrough,7,20,
EPL,2005,ALL,Manchester City,8,20,
EPL,2005,ALL,Tottenham Hotspur,9,20,
EPL,2005,ALL,Aston Villa,10,20,
EPL,2005,ALL,Charlton Athletic,11,20,
EPL,2005,ALL,Birmingham City,12,20,
EPL,2005,ALL,Fulham,13,20,
EPL,2005,ALL,Newcastle United,14,20,
EPL,2005,ALL,Blackburn Rovers,15,20,
EPL,2005,ALL,Portsmouth,16,20,
EPL,2005,ALL,West Bromwich Albion,17,20,
EPL,2005,ALL,Crystal Palace,18,20,
EPL,2005,ALL,Norwich City,19,20,
EPL,2005,ALL,Southampton,20,20,
EPL,2006,ALL,Chelsea,1,20,
EPL,2006,ALL,Manchester United,2,20,
EPL,2006,ALL,Liverpool,3,20,
EPL,2006,ALL,Arsenal,4,20,
EPL,2006,ALL,Tottenham Hotspur,5,20,
EPL,2006,ALL,Blackburn Rovers,6,20,
EPL,2006,ALL,Newcastle United,7,20,
EPL,2006,ALL,Bolton Wanderers,8,20,
EPL,2006,ALL,West Ham United,9,20,
EPL,2006,ALL,Wigan Athletic,10,20,
EPL,2006,ALL,Everton,11,20,
EPL,2006,ALL,Fulham,12,20,
EPL,2006,ALL,Charlton Athletic,13,20,
EPL,2006,ALL,Middlesbrough,14,20,
EPL,2006,ALL,Manchester City,15,20,
EPL,2006,ALL,Aston Villa,16,20,
EPL,2006,ALL,Portsmouth,17,20,
EPL,2006,ALL,Birmingham City,18,20,
EPL,2006,ALL,West Bromwich Albion,19,20,
EPL,2006,ALL,Sunderland,20,20,
EPL,2007,ALL,Manchester United,1,20,
EPL,2007,ALL,Chelsea,2,20,
EPL,2007,ALL,Liverpool,3,20,
EPL,2007,ALL,Arsenal,4,20,
EPL,2007,ALL,Tottenham Hotspur,5,20,
EPL,2007,ALL,Everton,6,20,
EPL,2007,ALL,Bolton Wanderers,7,20,
EPL,2007,ALL,Reading,8,20,
EPL,2007,ALL,Portsmouth,9,20,
EPL,2007,ALL,Blackburn Rovers,10,20,
EPL,2007,ALL,Aston Villa,11,20,
EPL,2007,ALL,Middlesbrough,12,20,
EPL,2007,ALL,Newcastle United,13,20,
EPL,2007,ALL,Manchester City,14,20,
EPL,2007,ALL,West Ham United,15,20,
EPL,2007,ALL,Fulham,16,20,
EPL,2007,ALL,Wigan Athletic,17,20,
EPL,2007,ALL,Sheffield United,18,20,
EPL,2007,ALL,Charlton Athletic,19,20,
EPL,2007,ALL,Watford,20,20,
EPL,2008,ALL,Manchester United,1,20,
EPL,2008,ALL,Chelsea,2,20,
EPL,2008,ALL,Arsenal,3,20,
EPL,2008,ALL,Liverpool,4,20,
EPL,2008,ALL,Everton,5,20,
EPL,2008,ALL,Aston Villa,6,20,
EPL,2008,ALL,Blackburn Rovers,7,20,
EPL,2008,ALL,Portsmouth,8,20,
EPL,2008,ALL,Manchester City,9,20,
EPL,2008,ALL,West Ham United,10,20,
EPL,2008,ALL,Tottenham Hotspur,11,20,
EPL,2008,ALL,Newcastle United,12,20,
EPL,2008,ALL,Middlesbrough,13,20,
EPL,2008,ALL,Wigan Athletic,14,20,
EPL,2008,ALL,Sunderland,15,20,
EPL,2008,ALL,Bolton Wanderers,16,20,
EPL,2008,ALL,Fulham,17,20,
EPL,2008,ALL,Reading,18,20,
EPL,2008,ALL,Birmingham City,19,20,
EPL,2008,ALL,Derby County,20,20,
EPL,2009,ALL,Manchester United,1,20,
EPL,2009,ALL,Liverpool,2,20,
EPL,2009,ALL,Chelsea,3,20,
EPL,2009,ALL,Arsenal,4,20,
EPL,2009,ALL,Everton,5,20,
EPL,2009,ALL,Aston Villa,6,20,
EPL,2009,ALL,Fulham,7,20,
EPL,2009,ALL,Tottenham Hotspur,8,20,
EPL,2009,ALL,West Ham United,9,20,
EPL,2009,ALL,Manchester City,10,20,
EPL,2009,ALL,Wigan Athletic,11,20,
EPL,2009,ALL,Stoke City,12,20,
EPL,2009,ALL,Bolton Wanderers,13,20,
EPL,2009,ALL,Portsmouth,14,20,
EPL,2009,ALL,Blackburn Rovers,15,20,
EPL,2009,ALL,Sunderland,16,20,
EPL,2009,ALL,Hull City,17,20,
EPL,2009,ALL,Newcastle United,18,20,
EPL,2009,ALL,Middlesbrough,19,20,
EPL,2009,ALL,West Bromwich Albion,20,20,
EPL,2010,ALL,Chelsea,1,20,
EPL,2010,ALL,Manchester United,2,20,
EPL,2010,ALL,Arsenal,3,20,
EPL,2010,ALL,Tottenham Hotspur,4,20,
EPL,2010,ALL,Manchester City,5,20,
EPL,2010,ALL,Aston Villa,6,20,
EPL,2010,ALL,Liverpool,7,20,
EPL,2010,ALL,Everton,8,20,
EPL,2010,ALL,Birmingham City,9,20,
EPL,2010,ALL,Blackburn Rovers,10,20,
EPL,2010,ALL,Stoke City,11,20,
EPL,2010,ALL,Fulham,12,20,
EPL,2010,ALL,Sunderland,13,20,
EPL,2010,ALL,Bolton Wanderers,14,20,
EPL,2010,ALL,Wolverhampton Wanderers,15,20,
EPL,2010,ALL,Wigan Athletic,16,20,
EPL,2010,ALL,West Ham United,17,20,
EPL,2010,ALL,Burnley,18,20,
EPL,2010,ALL,Hull City,19,20,
EPL,2010,ALL,Portsmouth,20,20,
EPL,2011,ALL,Manchester United,1,20,
EPL,2011,ALL,Chelsea,2,20,
EPL,2011,ALL,Manchester City,3,20,
EPL,2011,ALL,Arsenal,4,20,
EPL,2011,ALL,Tottenham Hotspur,5,20,
EPL,2011,ALL,Liverpool,6,20,
EPL,2011,ALL,Everton,7,20,
EPL,2011,ALL,Fulham,8,20,
EPL,2011,ALL,Aston Villa,9,20,
EPL,2011,ALL,Sunderland,10,20,
EPL,2011,ALL,West Bromwich Albion,11,20,
EPL,2011,ALL,Newcastle United,12,20,
EPL,2011,ALL,Stoke City,13,20,
EPL,2011,ALL,Bolton Wanderers,14,20,
EPL,2011,ALL,Blackburn Rovers,15,20,
EPL,2011,ALL,Wigan Athletic,16,20,
EPL,2011,ALL,Wolverhampton Wanderers,17,20,
EPL,2011,ALL,Birmingham City,18,20,
EPL,2011,ALL,Blackpool,19,20,
EPL,2011,ALL,West Ham United,20,20,
EPL,2012,ALL,Manchester City,1,20,
EPL,2012,ALL,Manchester United,2,20,
EPL,2012,ALL,Arsenal,3,20,
EPL,2012,ALL,Tottenham Hotspur,4,20,
EPL,2012,ALL,Newcastle United,5,20,
EPL,2012,ALL,Chelsea,6,20,
EPL,2012,ALL,Everton,7,20,
EPL,2012,ALL,Liverpool,8,20,
EPL,2012,ALL,Fulham,9,20,
EPL,2012,ALL,West Bromwich Albion,10,20,
EPL,2012,ALL,Swansea City,11,20,
EPL,2012,ALL,Norwich City,12,20,
EPL,2012,ALL,Sunderland,13,20,
EPL,2012,ALL,Stoke City,14,20,
EPL,2012,ALL,Wigan Athletic,15,20,
EPL,2012,ALL,Aston Villa,16,20,
EPL,2012,ALL,Queens Park Rangers,17,20,
EPL,2012,ALL,Bolton Wanderers,18,20,
EPL,2012,ALL,Blackburn Rovers,19,20,
EPL,2012,ALL,Wolverhampton Wanderers,20,20,
EPL,2013,ALL,Manchester United,1,20,
EPL,2013,ALL,Manchester City,2,20,
EPL,2013,ALL,Chelsea,3,20,
EPL,2013,ALL,Arsenal,4,20,
EPL,2013,ALL,Tottenham Hotspur,5,20,
EPL,2013,ALL,Everton,6,20,
EPL,2013,ALL,Liverpool,7,20,
EPL,2013,ALL,West Bromwich Albion,8,20,
EPL,2013,ALL,Swansea City,9,20,
EPL,2013,ALL,West Ham United,10,20,
EPL,2013,ALL,Norwich City,11,20,
EPL,2013,ALL,Fulham,12,20,
EPL,2013,ALL,Stoke City,13,20,
EPL,2013,ALL,Southampton,14,20,
EPL,2013,ALL,Aston Villa,15,20,
EPL,2013,ALL,Newcastle United,16,20,
EPL,2013,ALL,Sunderland,17,20,
EPL,2013,ALL,Wigan Athletic,18,20,
EPL,2013,ALL,Reading,19,20,
EPL,2013,ALL,Queens Park Rangers,20,20,
EPL,2014,ALL,Manchester City,1,20,
EPL,2014,ALL,Liverpool,2,20,
EPL,2014,ALL,Chelsea,3,20,
EPL,2014,ALL,Arsenal,4,20,
EPL,2014,ALL,Everton,5,20,
EPL,2014,ALL,Tottenham Hotspur,6,20,
EPL,2014,ALL,Manchester United,7,20,
EPL,2014,ALL,Southampton,8,20,
EPL,2014,ALL,Stoke City,9,20,
EPL,2014,ALL,Newcastle United,10,20,
EPL,2014,ALL,Crystal Palace,11,20,
EPL,2014,ALL,Swansea City,12,20,
EPL,2014,ALL,West Ham United,13,20,
EPL,2014,ALL,Sunderland,14,20,
EPL,2014,ALL,Aston Villa,15,20,
EPL,2014,ALL,Hull City,16,20,
EPL,2014,ALL,West Bromwich Albion,17,20,
EPL,2014,ALL,Norwich City,18,20,
EPL,2014,ALL,Fulham,19,20,
EPL,2014,ALL,Cardiff City,20,20,
EPL,2015,ALL,Chelsea,1,20,
EPL,2015,ALL,Manchester City,2,20,
EPL,2015,ALL,Arsenal,3,20,
EPL,2015,ALL,Manchester United,4,20,
EPL,2015,ALL,Tottenham Hotspur,5,20,
EPL,2015,ALL,Liverpool,6,20,
EPL,2015,ALL,Southampton,7,20,
EPL,2015,ALL,Swansea City,8,20,
EPL,2015,ALL,Stoke City,9,20,
EPL,2015,ALL,Crystal Palace,10,20,
EPL,2015,ALL,Everton,11,20,
EPL,2015,ALL,West Ham United,12,20,
EPL,2015,ALL,West Bromwich Albion,13,20,
EPL,2015,ALL,Leicester City,14,20,
EPL,2015,ALL,Newcastle United,15,20,
EPL,2015,ALL,Sunderland,16,20,
EPL,2015,ALL,Aston Villa,17,20,
EPL,2015,ALL,Hull City,18,20,
EPL,2015,ALL,Burnley,19,20,
EPL,2015,ALL,Queens Park Rangers,20,20,
EPL,2016,ALL,Leicester City,1,20,
EPL,2016,ALL,Arsenal,2,20,
EPL,2016,ALL,Tottenham Hotspur,3,20,
EPL,2016,ALL,Manchester City,4,20,
EPL,2016,ALL,Manchester United,5,20,
EPL,2016,ALL,Southampton,6,20,
EPL,2016,ALL,West Ham United,7,20,
EPL,2016,ALL,Liverpool,8,20,
EPL,2016,ALL,Stoke City,9,20,
EPL,2016,ALL,Chelsea,10,20,
EPL,2016,ALL,Everton,11,20,
EPL,2016,ALL,Swansea City,12,20,
EPL,2016,ALL,Watford,13,20,
EPL,2016,ALL,West Bromwich Albion,14,20,
EPL,2016,ALL,Crystal Palace,15,20,
EPL,2016,ALL,AFC Bournemouth,16,20,
EPL,2016,ALL,Sunderland,17,20,
EPL,2016,ALL,Newcastle United,18,20,
EPL,2016,ALL,Norwich City,19,20,
EPL,2016,ALL,Aston Villa,20,20,
EPL,2017,ALL,Chelsea,1,20,
EPL,2017,ALL,Tottenham Hotspur,2,20,
EPL,2017,ALL,Manchester City,3,20,
EPL,2017,ALL,Liverpool,4,20,
EPL,2017,ALL,Arsenal,5,20,
EPL,2017,ALL,Manchester United,6,20,
EPL,2017,ALL,Everton,7,20,
EPL,2017,ALL,Southampton,8,20,
EPL,2017,ALL,AFC Bournemouth,9,20,
EPL,2017,ALL,West Bromwich Albion,10,20,
EPL,2017,ALL,West Ham United,11,20,
EPL,2017,ALL,Leicester City,12,20,
EPL,2017,ALL,Stoke City,13,20,
EPL,2017,ALL,Crystal Palace,14,20,
EPL,2017,ALL,Swansea City,15,20,
EPL,2017,ALL,Burnley,16,20,
EPL,2017,ALL,Watford,17,20,
EPL,2017,ALL,Hull City,18,20,
EPL,2017,ALL,Middlesbrough,19,20,
EPL,2017,ALL,Sunderland,20,20,
EPL,2018,ALL,Manchester City,1,20,
EPL,2018,ALL,Manchester United,2,20,
EPL,2018,ALL,Tottenham Hotspur,3,20,
EPL,2018,ALL,Liverpool,4,20,
EPL,2018,ALL,Chelsea,5,20,
EPL,2018,ALL,Arsenal,6,20,
EPL,2018,ALL,Burnley,7,20,
EPL,2018,ALL,Everton,8,20,
EPL,2018,ALL,Leicester City,9,20,
EPL,2018,ALL,Newcastle United,10,20,
EPL,2018,ALL,Crystal Palace,11,20,
EPL,2018,ALL,AFC Bournemouth,12,20,
EPL,2018,ALL,West Ham United,13,20,
EPL,2018,ALL,Watford,14,20,
EPL,2018,ALL,Brighton & Hove Albion,15,20,
EPL,2018,ALL,Huddersfield Town,16,20,
EPL,2018,ALL,Southampton,17,20,
EPL,2018,ALL,Swansea City,18,20,
EPL,2018,ALL,Stoke City,19,20,
EPL,2018,ALL,West Bromwich Albion,20,20,
EPL,2019,ALL,Manchester City,1,20,
EPL,2019,ALL,Liverpool,2,20,
EPL,2019,ALL,Chelsea,3,20,
EPL,2019,ALL,Tottenham Hotspur,4,20,
EPL,2019,ALL,Arsenal,5,20,
EPL,2019,ALL,Manchester United,6,20,
EPL,2019,ALL,Wolverhampton Wanderers,7,20,
EPL,2019,ALL,Everton,8,20,
EPL,2019,ALL,Leicester City,9,20,
EPL,2019,ALL,West Ham United,10,20,
EPL,2019,ALL,Watford,11,20,
EPL,2019,ALL,Crystal Palace,12,20,
EPL,2019,ALL,Newcastle United,13,20,
EPL,2019,ALL,AFC Bournemouth,14,20,
EPL,2019,ALL,Burnley,15,20,
EPL,2019,ALL,Southampton,16,20,
EPL,2019,ALL,Brighton & Hove Albion,17,20,
EPL,2019,ALL,Cardiff City,18,20,
EPL,2019,ALL,Fulham,19,20,
EPL,2019,ALL,Huddersfield Town,20,20,
EPL,2020,ALL,Liverpool,1,20,
EPL,2020,ALL,Manchester City,2,20,
EPL,2020,ALL,Manchester United,3,20,
EPL,2020,ALL,Chelsea,4,20,
EPL,2020,ALL,Leicester City,5,20,
EPL,2020,ALL,Tottenham Hotspur,6,20,
EPL,2020,ALL,Wolverhampton Wanderers,7,20,
EPL,2020,ALL,Arsenal,8,20,
EPL,2020,ALL,Sheffield United,9,20,
EPL,2020,ALL,Burnley,10,20,
EPL,2020,ALL,Southampton,11,20,
EPL,2020,ALL,Everton,12,20,
EPL,2020,ALL,Newcastle United,13,20,
EPL,2020,ALL,Crystal Palace,14,20,
EPL,2020,ALL,Brighton & Hove Albion,15,20,
EPL,2020,ALL,West Ham United,16,20,
EPL,2020,ALL,Aston Villa,17,20,
EPL,2020,ALL,AFC Bournemouth,18,20,
EPL,2020,ALL,Watford,19,20,
EPL,2020,ALL,Norwich City,20,20,
EPL,2021,ALL,Manchester City,1,20,
EPL,2021,ALL,Manchester United,2,20,
EPL,2021,ALL,Liverpool,3,20,
EPL,2021,ALL,Chelsea,4,20,
EPL,2021,ALL,Leicester City,5,20,
EPL,2021,ALL,West Ham United,6,20,
EPL,2021,ALL,Tottenham Hotspur,7,20,
EPL,2021,ALL,Arsenal,8,20,
EPL,2021,ALL,Leeds United,9,20,
EPL,2021,ALL,Everton,10,20,
EPL,2021,ALL,Aston Villa,11,20,
EPL,2021,ALL,Newcastle United,12,20,
EPL,2021,ALL,Wolverhampton Wanderers,13,20,
EPL,2021,ALL,Crystal Palace,14,20,
EPL,2021,ALL,Southampton,15,20,
EPL,2021,ALL,Brighton & Hove Albion,16,20,
EPL,2021,ALL,Burnley,17,20,
EPL,2021,ALL,Fulham,18,20,
EPL,2021,ALL,West Bromwich Albion,19,20,
EPL,2021,ALL,Sheffield United,20,20,
EPL,2022,ALL,Manchester City,1,20,
EPL,2022,ALL,Liverpool,2,20,
EPL,2022,ALL,Chelsea,3,20,
EPL,2022,ALL,Tottenham Hotspur,4,20,
EPL,2022,ALL,Arsenal,5,20,
EPL,2022,ALL,Manchester United,6,20,
EPL,2022,ALL,West Ham United,7,20,
EPL,2022,ALL,Leicester City,8,20,
EPL,2022,ALL,Brighton & Hove Albion,9,20,
EPL,2022,ALL,Wolverhampton Wanderers,10,20,
EPL,2022,ALL,Newcastle United,11,20,
EPL,2022,ALL,Crystal Palace,12,20,
EPL,2022,ALL,Brentford,13,20,
EPL,2022,ALL,Aston Villa,14,20,
EPL,2022,ALL,Southampton,15,20,
EPL,2022,ALL,Everton,16,20,
EPL,2022,ALL,Leeds United,17,20,
EPL,2022,ALL,Burnley,18,20,
EPL,2022,ALL,Watford,19,20,
EPL,2022,ALL,Norwich City,20,20,
EPL,2023,ALL,Manchester City,1,20,
EPL,2023,ALL,Arsenal,2,20,
EPL,2023,ALL,Manchester United,3,20,
EPL,2023,ALL,Newcastle United,4,20,
EPL,2023,ALL,Liverpool,5,20,
EPL,2023,ALL,Brighton & Hove Albion,6,20,
EPL,2023,ALL,Aston Villa,7,20,
EPL,2023,ALL,Tottenham Hotspur,8,20,
EPL,2023,ALL,Brentford,9,20,
EPL,2023,ALL,Fulham,10,20,
EPL,2023,ALL,Crystal Palace,11,20,
EPL,2023,ALL,Chelsea,12,20,
EPL,2023,ALL,Wolverhampton Wanderers,13,20,
EPL,2023,ALL,West Ham United,14,20,
EPL,2023,ALL,AFC Bournemouth,15,20,
EPL,2023,ALL,Nottingham Forest,16,20,
EPL,2023,ALL,Everton,17,20,
EPL,2023,ALL,Leicester City,18,20,
EPL,2023,ALL,Leeds United,19,20,
EPL,2023,ALL,Southampton,20,20,
EPL,2024,ALL,Manchester City,1,20,
EPL,2024,ALL,Arsenal,2,20,
EPL,2024,ALL,Liverpool,3,20,
EPL,2024,ALL,Aston Villa,4,20,
EPL,2024,ALL,Tottenham Hotspur,5,20,
EPL,2024,ALL,Chelsea,6,20,
EPL,2024,ALL,Newcastle United,7,20,
EPL,2024,ALL,Manchester United,8,20,
EPL,2024,ALL,West Ham United,9,20,
EPL,2024,ALL,Crystal Palace,10,20,
EPL,2024,ALL,Brighton & Hove Albion,11,20,
EPL,2024,ALL,Everton,12,20,
EPL,2024,ALL,AFC Bournemouth,13,20,
EPL,2024,ALL,Fulham,14,20,
EPL,2024,ALL,Wolverhampton Wanderers,15,20,
EPL,2024,ALL,Brentford,16,20,
EPL,2024,ALL,Nottingham Forest,17,20,
EPL,2024,ALL,Luton Town,18,20,
EPL,2024,ALL,Burnley,19,20,
EPL,2024,ALL,Sheffield United,20,20,
EPL,2025,ALL,Liverpool,1,20,
EPL,2025,ALL,Arsenal,2,20,
EPL,2025,ALL,Manchester City,3,20,
EPL,2025,ALL,Chelsea,4,20,
EPL,2025,ALL,Newcastle United,5,20,
EPL,2025,ALL,Aston Villa,6,20,
EPL,2025,ALL,Nottingham Forest,7,20,
EPL,2025,ALL,Brighton & Hove Albion,8,20,
EPL,2025,ALL,AFC Bournemouth,9,20,
EPL,2025,ALL,Brentford,10,20,
EPL,2025,ALL,Fulham,11,20,
EPL,2025,ALL,Crystal Palace,12,20,
EPL,2025,ALL,Everton,13,20,
EPL,2025,ALL,West Ham United,14,20,
EPL,2025,ALL,Manchester United,15,20,
EPL,2025,ALL,Wolverhampton Wanderers,16,20,
EPL,2025,ALL,Tottenham Hotspur,17,20,
EPL,2025,ALL,Leicester City,18,20,
EPL,2025,ALL,Ipswich Town,19,20,
EPL,2025,ALL,Southampton,20,20,
AFL,2012,ALL,Hawthorn,1,18,
AFL,2012,ALL,Adelaide,2,18,
AFL,2012,ALL,Sydney,3,18,
AFL,2012,ALL,Collingwood,4,18,
AFL,2012,ALL,West Coast,5,18,
AFL,2012,ALL,Geelong,6,18,
AFL,2012,ALL,Fremantle,7,18,
AFL,2012,ALL,North Melbourne,8,18,
AFL,2012,ALL,St Kilda,9,18,
AFL,2012,ALL,Carlton,10,18,
AFL,2012,ALL,Essendon,11,18,
AFL,2012,ALL,Richmond,12,18,
AFL,2012,ALL,Brisbane Lions,13,18,
AFL,2012,ALL,Port Adelaide,14,18,
AFL,2012,ALL,Footscray,15,18,
AFL,2012,ALL,Melbourne,16,18,
AFL,2012,ALL,Gold Coast,17,18,
AFL,2012,ALL,GWS,18,18,
AFL,2013,ALL,Hawthorn,1,18,
AFL,2013,ALL,Geelong,2,18,
AFL,2013,ALL,Fremantle,3,18,
AFL,2013,ALL,Sydney,4,18,
AFL,2013,ALL,Richmond,5,18,
AFL,2013,ALL,Collingwood,6,18,
AFL,2013,ALL,Essendon,7,18,
AFL,2013,ALL,Port Adelaide,8,18,
AFL,2013,ALL,Carlton,9,18,
AFL,2013,ALL,North Melbourne,10,18,
AFL,2013,ALL,Adelaide,11,18,
AFL,2013,ALL,Brisbane Lions,12,18,
AFL,2013,ALL,West Coast,13,18,
AFL,2013,ALL,Gold Coast,14,18,
AFL,2013,ALL,Footscray,15,18,
AFL,2013,ALL,St Kilda,16,18,
AFL,2013,ALL,Melbourne,17,18,
AFL,2013,ALL,GWS,18,18,
AFL,2014,ALL,Sydney,1,18,
AFL,2014,ALL,Hawthorn,2,18,
AFL,2014,ALL,Geelong,3,18,
AFL,2014,ALL,Fremantle,4,18,
AFL,2014,ALL,Port Adelaide,5,18,
AFL,2014,ALL,North Melbourne,6,18,
AFL,2014,ALL,Essendon,7,18,
AFL,2014,ALL,Richmond,8,18,
AFL,2014,ALL,West Coast,9,18,
AFL,2014,ALL,Adelaide,10,18,
AFL,2014,ALL,Collingwood,11,18,
AFL,2014,ALL,Gold Coast,12,18,
AFL,2014,ALL,Carlton,13,18,
AFL,2014,ALL,Footscray,14,18,
AFL,2014,ALL,Brisbane Lions,15,18,
AFL,2014,ALL,GWS,16,18,
AFL,2014,ALL,Melbourne,17,18,
AFL,2014,ALL,St Kilda,18,18,
AFL,2015,ALL,Fremantle,1,18,
AFL,2015,ALL,West Coast,2,18,
AFL,2015,ALL,Hawthorn,3,18,
AFL,2015,ALL,Sydney,4,18,
AFL,2015,ALL,Richmond,5,18,
AFL,2015,ALL,Footscray,6,18,
AFL,2015,ALL,Adelaide,7,18,
AFL,2015,ALL,North Melbourne,8,18,
AFL,2015,ALL,Port Adelaide,9,18,
AFL,2015,ALL,Geelong,10,18,
AFL,2015,ALL,GWS,11,18,
AFL,2015,ALL,Collingwood,12,18,
AFL,2015,ALL,Melbourne,13,18,
AFL,2015,ALL,St Kilda,14,18,
AFL,2015,ALL,Essendon,15,18,
AFL,2015,ALL,Gold Coast,16,18,
AFL,2015,ALL,Brisbane Lions,17,18,
AFL,2015,ALL,Carlton,18,18,
AFL,2016,ALL,Sydney,1,18,
AFL,2016,ALL,Geelong,2,18,
AFL,2016,ALL,Hawthorn,3,18,
AFL,2016,ALL,GWS,4,18,
AFL,2016,ALL,Adelaide,5,18,
AFL,2016,ALL,West Coast,6,18,
AFL,2016,ALL,Footscray,7,18,
AFL,2016,ALL,North Melbourne,8,18,
AFL,2016,ALL,St Kilda,9,18,
AFL,2016,ALL,Port Adelaide,10,18,
AFL,2016,ALL,Melbourne,11,18,
AFL,2016,ALL,Collingwood,12,18,
AFL,2016,ALL,Richmond,13,18,
AFL,2016,ALL,Carlton,14,18,
AFL,2016,ALL,Gold Coast,15,18,
AFL,2016,ALL,Fremantle,16,18,
AFL,2016,ALL,Brisbane Lions,17,18,
AFL,2016,ALL,Essendon,18,18,
AFL,2017,ALL,Adelaide,1,18,
AFL,2017,ALL,Geelong,2,18,
AFL,2017,ALL,Richmond,3,18,
AFL,2017,ALL,GWS,4,18,
AFL,2017,ALL,Port Adelaide,5,18,
AFL,2017,ALL,Sydney,6,18,
AFL,2017,ALL,Essendon,7,18,
AFL,2017,ALL,West Coast,8,18,
AFL,2017,ALL,Melbourne,9,18,
AFL,2017,ALL,Footscray,10,18,
AFL,2017,ALL,St Kilda,11,18,
AFL,2017,ALL,Hawthorn,12,18,
AFL,2017,ALL,Collingwood,13,18,
AFL,2017,ALL,Fremantle,14,18,
AFL,2017,ALL,North Melbourne,15,18,
AFL,2017,ALL,Carlton,16,18,
AFL,2017,ALL,Gold Coast,17,18,
AFL,2017,ALL,Brisbane Lions,18,18,
AFL,2018,ALL,Richmond,1,18,
AFL,2018,ALL,West Coast,2,18,
AFL,2018,ALL,Collingwood,3,18,
AFL,2018,ALL,Hawthorn,4,18,
AFL,2018,ALL,Melbourne,5,18,
AFL,2018,ALL,Sydney,6,18,
AFL,2018,ALL,GWS,7,18,
AFL,2018,ALL,Geelong,8,18,
AFL,2018,ALL,North Melbourne,9,18,
AFL,2018,ALL,Port Adelaide,10,18,
AFL,2018,ALL,Essendon,11,18,
AFL,2018,ALL,Adelaide,12,18,
AFL,2018,ALL,Footscray,13,18,
AFL,2018,ALL,Fremantle,14,18,
AFL,2018,ALL,Brisbane Lions,15,18,
AFL,2018,ALL,St Kilda,16,18,
AFL,2018,ALL,Gold Coast,17,18,
AFL,2018,ALL,Carlton,18,18,
AFL,2019,ALL,Geelong,1,18,
AFL,2019,ALL,Brisbane Lions,2,18,
AFL,2019,ALL,Richmond,3,18,
AFL,2019,ALL,Collingwood,4,18,
AFL,2019,ALL,West Coast,5,18,
AFL,2019,ALL,GWS,6,18,
AFL,2019,ALL,Footscray,7,18,
AFL,2019,ALL,Essendon,8,18,
AFL,2019,ALL,Hawthorn,9,18,
AFL,2019,ALL,Port Adelaide,10,18,
AFL,2019,ALL,Adelaide,11,18,
AFL,2019,ALL,North Melbourne,12,18,
AFL,2019,ALL,Fremantle,13,18,
AFL,2019,ALL,St Kilda,14,18,
AFL,2019,ALL,Sydney,15,18,
AFL,2019,ALL,Carlton,16,18,
AFL,2019,ALL,Melbourne,17,18,
AFL,2019,ALL,Gold Coast,18,18,
AFL,2020,ALL,Port Adelaide,1,18,
AFL,2020,ALL,Brisbane Lions,2,18,
AFL,2020,ALL,Richmond,3,18,
AFL,2020,ALL,Geelong,4,18,
AFL,2020,ALL,West Coast,5,18,
AFL,2020,ALL,St Kilda,6,18,
AFL,2020,ALL,Footscray,7,18,
AFL,2020,ALL,Collingwood,8,18,
AFL,2020,ALL,Melbourne,9,18,
AFL,2020,ALL,GWS,10,18,
AFL,2020,ALL,Carlton,11,18,
AFL,2020,ALL,Fremantle,12,18,
AFL,2020,ALL,Essendon,13,18,
AFL,2020,ALL,Gold Coast,14,18,
AFL,2020,ALL,Hawthorn,15,18,
AFL,2020,ALL,Sydney,16,18,
AFL,2020,ALL,North Melbourne,17,18,
AFL,2020,ALL,Adelaide,18,18,
AFL,2021,ALL,Melbourne,1,18,
AFL,2021,ALL,Port Adelaide,2,18,
AFL,2021,ALL,Geelong,3,18,
AFL,2021,ALL,Brisbane Lions,4,18,
AFL,2021,ALL,Footscray,5,18,
AFL,2021,ALL,Sydney,6,18,
AFL,2021,ALL,GWS,7,18,
AFL,2021,ALL,Essendon,8,18,
AFL,2021,ALL,West Coast,9,18,
AFL,2021,ALL,St Kilda,10,18,
AFL,2021,ALL,Fremantle,11,18,
AFL,2021,ALL,Richmond,12,18,
AFL,2021,ALL,Carlton,13,18,
AFL,2021,ALL,Hawthorn,14,18,
AFL,2021,ALL,Adelaide,15,18,
AFL,2021,ALL,Gold Coast,16,18,
AFL,2021,ALL,Collingwood,17,18,
AFL,2021,ALL,North Melbourne,18,18,
AFL,2022,ALL,Geelong,1,18,
AFL,2022,ALL,Melbourne,2,18,
AFL,2022,ALL,Sydney,3,18,
AFL,2022,ALL,Collingwood,4,18,
AFL,2022,ALL,Fremantle,5,18,
AFL,2022,ALL,Brisbane Lions,6,18,
AFL,2022,ALL,Richmond,7,18,
AFL,2022,ALL,Footscray,8,18,
AFL,2022,ALL,Carlton,9,18,
AFL,2022,ALL,St Kilda,10,18,
AFL,2022,ALL,Port Adelaide,11,18,
AFL,2022,ALL,Gold Coast,12,18,
AFL,2022,ALL,Hawthorn,13,18,
AFL,2022,ALL,Adelaide,14,18,
AFL,2022,ALL,Essendon,15,18,
AFL,2022,ALL,GWS,16,18,
AFL,2022,ALL,West Coast,17,18,
AFL,2022,ALL,North Melbourne,18,18,
AFL,2023,ALL,Collingwood,1,18,
AFL,2023,ALL,Brisbane Lions,2,18,
AFL,2023,ALL,Port Adelaide,3,18,
AFL,2023,ALL,Melbourne,4,18,
AFL,2023,ALL,Carlton,5,18,
AFL,2023,ALL,St Kilda,6,18,
AFL,2023,ALL,GWS,7,18,
AFL,2023,ALL,Sydney,8,18,
AFL,2023,ALL,Footscray,9,18,
AFL,2023,ALL,Adelaide,10,18,
AFL,2023,ALL,Essendon,11,18,
AFL,2023,ALL,Geelong,12,18,
AFL,2023,ALL,Richmond,13,18,
AFL,2023,ALL,Fremantle,14,18,
AFL,2023,ALL,Gold Coast,15,18,
AFL,2023,ALL,Hawthorn,16,18,
AFL,2023,ALL,North Melbourne,17,18,
AFL,2023,ALL,West Coast,18,18,
AFL,2024,ALL,Sydney,1,18,
AFL,2024,ALL,Port Adelaide,2,18,
AFL,2024,ALL,Geelong,3,18,
AFL,2024,ALL,GWS,4,18,
AFL,2024,ALL,Brisbane Lions,5,18,
AFL,2024,ALL,Footscray,6,18,
AFL,2024,ALL,Hawthorn,7,18,
AFL,2024,ALL,Carlton,8,18,
AFL,2024,ALL,Collingwood,9,18,
AFL,2024,ALL,Fremantle,10,18,
AFL,2024,ALL,Essendon,11,18,
AFL,2024,ALL,St Kilda,12,18,
AFL,2024,ALL,Gold Coast,13,18,
AFL,2024,ALL,Melbourne,14,18,
AFL,2024,ALL,Adelaide,15,18,
AFL,2024,ALL,West Coast,16,18,
AFL,2024,ALL,North Melbourne,17,18,
AFL,2024,ALL,Richmond,18,18,
NRL,2007,ALL,Melbourne Storm,1,16,
NRL,2007,ALL,Manly Warringah Sea Eagles,2,16,
NRL,2007,ALL,North Queensland Cowboys,3,16,
NRL,2007,ALL,Warriors,4,16,
NRL,2007,ALL,Parramatta Eels,5,16,
NRL,2007,ALL,Bulldogs,6,16,
NRL,2007,ALL,South Sydney Rabbitohs,7,16,
NRL,2007,ALL,Brisbane Broncos,8,16,
NRL,2007,ALL,Wests Tigers,9,16,
NRL,2007,ALL,Sydney Roosters,10,16,
NRL,2007,ALL,Cronulla Sutherland Sharks,11,16,
NRL,2007,ALL,Gold Coast Titans,12,16,
NRL,2007,ALL,St George Illawarra Dragons,13,16,
NRL,2007,ALL,Canberra Raiders,14,16,
NRL,2007,ALL,Newcastle Knights,15,16,
NRL,2007,ALL,Penrith Panthers,16,16,
NRL,2008,ALL,Melbourne Storm,1,16,
NRL,2008,ALL,Manly Warringah Sea Eagles,2,16,
NRL,2008,ALL,Cronulla Sutherland Sharks,3,16,
NRL,2008,ALL,Sydney Roosters,4,16,
NRL,2008,ALL,Brisbane Broncos,5,16,
NRL,2008,ALL,Canberra Raiders,6,16,
NRL,2008,ALL,St George Illawarra Dragons,7,16,
NRL,2008,ALL,Warriors,8,16,
NRL,2008,ALL,Newcastle Knights,9,16,
NRL,2008,ALL,Wests Tigers,10,16,
NRL,2008,ALL,Parramatta Eels,11,16,
NRL,2008,ALL,Penrith Panthers,12,16,
NRL,2008,ALL,Gold Coast Titans,13,16,
NRL,2008,ALL,South Sydney Rabbitohs,14,16,
NRL,2008,ALL,North Queensland Cowboys,15,16,
NRL,2008,ALL,Bulldogs,16,16,
NRL,2009,ALL,St George Illawarra Dragons,1,16,
NRL,2009,ALL,Bulldogs,2,16,
NRL,2009,ALL,Gold Coast Titans,3,16,
NRL,2009,ALL,Melbourne Storm,4,16,
NRL,2009,ALL,Manly Warringah Sea Eagles,5,16,
NRL,2009,ALL,Brisbane Broncos,6,16,
NRL,2009,ALL,Newcastle Knights,7,16,
NRL,2009,ALL,Parramatta Eels,8,16,
NRL,2009,ALL,Wests Tigers,9,16,
NRL,2009,ALL,South Sydney Rabbitohs,10,16,
NRL,2009,ALL,Penrith Panthers,11,16,
NRL,2009,ALL,North Queensland Cowboys,12,16,
NRL,2009,ALL,Canberra Raiders,13,16,
NRL,2009,ALL,Warriors,14,16,
NRL,2009,ALL,Cronulla Sutherland Sharks,15,16,
NRL,2009,ALL,Sydney Roosters,16,16,
NRL,2010,ALL,St George Illawarra Dragons,1,16,
NRL,2010,ALL,Penrith Panthers,2,16,
NRL,2010,ALL,Wests Tigers,3,16,
NRL,2010,ALL,Gold Coast Titans,4,16,
NRL,2010,ALL,Warriors,5,16,
NRL,2010,ALL,Sydney Roosters,6,16,
NRL,2010,ALL,Canberra Raiders,7,16,
NRL,2010,ALL,Manly Warringah Sea Eagles,8,16,
NRL,2010,ALL,South Sydney Rabbitohs,9,16,
NRL,2010,ALL,Brisbane Broncos,10,16,
NRL,2010,ALL,Newcastle Knights,11,16,
NRL,2010,ALL,Parramatta Eels,12,16,
NRL,2010,ALL,Canterbury Bankstown Bulldogs,13,16,
NRL,2010,ALL,Cronulla Sutherland Sharks,14,16,
NRL,2010,ALL,North Queensland Cowboys,15,16,
NRL,2010,ALL,Melbourne Storm,16,16,
NRL,2011,ALL,Melbourne Storm,1,16,
NRL,2011,ALL,Manly Warringah Sea Eagles,2,16,
NRL,2011,ALL,Brisbane Broncos,3,16,
NRL,2011,ALL,Wests Tigers,4,16,
NRL,2011,ALL,St George Illawarra Dragons,5,16,
NRL,2011,ALL,Warriors,6,16,
NRL,2011,ALL,North Queensland Cowboys,7,16,
NRL,2011,ALL,Newcastle Knights,8,16,
NRL,2011,ALL,Canterbury Bankstown Bulldogs,9,16,
NRL,2011,ALL,South Sydney Rabbitohs,10,16,
NRL,2011,ALL,Sydney Roosters,11,16,
NRL,2011,ALL,Penrith Panthers,12,16,
NRL,2011,ALL,Cronulla Sutherland Sharks,13,16,
NRL,2011,ALL,Parramatta Eels,14,16,
NRL,2011,ALL,Canberra Raiders,15,16,
NRL,2011,ALL,Gold Coast Titans,16,16,
NRL,2012,ALL,Canterbury Bankstown Bulldogs,1,16,
NRL,2012,ALL,Melbourne Storm,2,16,
NRL,2012,ALL,South Sydney Rabbitohs,3,16,
NRL,2012,ALL,Manly Warringah Sea Eagles,4,16,
NRL,2012,ALL,North Queensland Cowboys,5,16,
NRL,2012,ALL,Canberra Raiders,6,16,
NRL,2012,ALL,Cronulla Sutherland Sharks,7,16,
NRL,2012,ALL,Brisbane Broncos,8,16,
NRL,2012,ALL,St George Illawarra Dragons,9,16,
NRL,2012,ALL,Wests Tigers,10,16,
NRL,2012,ALL,Gold Coast Titans,11,16,
NRL,2012,ALL,Newcastle Knights,12,16,
NRL,2012,ALL,Sydney Roosters,13,16,
NRL,2012,ALL,Warriors,14,16,
NRL,2012,ALL,Penrith Panthers,15,16,
NRL,2012,ALL,Parramatta Eels,16,16,
NRL,2013,ALL,Sydney Roosters,1,16,
NRL,2013,ALL,South Sydney Rabbitohs,2,16,
NRL,2013,ALL,Melbourne Storm,3,16,
NRL,2013,ALL,Manly Warringah Sea Eagles,4,16,
NRL,2013,ALL,Cronulla Sutherland Sharks,5,16,
NRL,2013,ALL,Canterbury Bankstown Bulldogs,6,16,
NRL,2013,ALL,Newcastle Knights,7,16,
NRL,2013,ALL,North Queensland Cowboys,8,16,
NRL,2013,ALL,Gold Coast Titans,9,16,
NRL,2013,ALL,Penrith Panthers,10,16,
NRL,2013,ALL,Warriors,11,16,
NRL,2013,ALL,Brisbane Broncos,12,16,
NRL,2013,ALL,Canberra Raiders,13,16,
NRL,2013,ALL,St George Illawarra Dragons,14,16,
NRL,2013,ALL,Wests Tigers,15,16,
NRL,2013,ALL,Parramatta Eels,16,16,
NRL,2014,ALL,Sydney Roosters,1,16,
NRL,2014,ALL,Manly Warringah Sea Eagles,2,16,
NRL,2014,ALL,South Sydney Rabbitohs,3,16,
NRL,2014,ALL,Penrith Panthers,4,16,
NRL,2014,ALL,North Queensland Cowboys,5,16,
NRL,2014,ALL,Melbourne Storm,6,16,
NRL,2014,ALL,Canterbury Bankstown Bulldogs,7,16,
NRL,2014,ALL,Brisbane Broncos,8,16,
NRL,2014,ALL,Warriors,9,16,
NRL,2014,ALL,Parramatta Eels,10,16,
NRL,2014,ALL,St George Illawarra Dragons,11,16,
NRL,2014,ALL,Newcastle Knights,12,16,
NRL,2014,ALL,Wests Tigers,13,16,
NRL,2014,ALL,Gold Coast Titans,14,16,
NRL,2014,ALL,Canberra Raiders,15,16,
NRL,2014,ALL,Cronulla Sutherland Sharks,16,16,
NRL,2015,ALL,Sydney Roosters,1,16,
NRL,2015,ALL,Brisbane Broncos,2,16,
NRL,2015,ALL,North Queensland Cowboys,3,16,
NRL,2015,ALL,Melbourne Storm,4,16,
NRL,2015,ALL,Canterbury Bankstown Bulldogs,5,16,
NRL,2015,ALL,Cronulla Sutherland Sharks,6,16,
NRL,2015,ALL,South Sydney Rabbitohs,7,16,
NRL,2015,ALL,St George Illawarra Dragons,8,16,
NRL,2015,ALL,Manly Warringah Sea Eagles,9,16,
NRL,2015,ALL,Canberra Raiders,10,16,
NRL,2015,ALL,Penrith Panthers,11,16,
NRL,2015,ALL,Parramatta Eels,12,16,
NRL,2015,ALL,Warriors,13,16,
NRL,2015,ALL,Gold Coast Titans,14,16,
NRL,2015,ALL,Wests Tigers,15,16,
NRL,2015,ALL,Newcastle Knights,16,16,
NRL,2016,ALL,Melbourne Storm,1,16,
NRL,2016,ALL,Canberra Raiders,2,16,
NRL,2016,ALL,Cronulla Sutherland Sharks,3,16,
NRL,2016,ALL,North Queensland Cowboys,4,16,
NRL,2016,ALL,Brisbane Broncos,5,16,
NRL,2016,ALL,Penrith Panthers,6,16,
NRL,2016,ALL,Canterbury Bankstown Bulldogs,7,16,
NRL,2016,ALL,Gold Coast Titans,8,16,
NRL,2016,ALL,Wests Tigers,9,16,
NRL,2016,ALL,Warriors,10,16,
NRL,2016,ALL,St George Illawarra Dragons,11,16,
NRL,2016,ALL,South Sydney Rabbitohs,12,16,
NRL,2016,ALL,Manly Warringah Sea Eagles,13,16,
NRL,2016,ALL,Parramatta Eels,14,16,
NRL,2016,ALL,Sydney Roosters,15,16,
NRL,2016,ALL,Newcastle Knights,16,16,
NRL,2017,ALL,Melbourne Storm,1,16,
NRL,2017,ALL,Sydney Roosters,2,16,
NRL,2017,ALL,Brisbane Broncos,3,16,
NRL,2017,ALL,Parramatta Eels,4,16,
NRL,2017,ALL,Cronulla Sutherland Sharks,5,16,
NRL,2017,ALL,Manly Warringah Sea Eagles,6,16,
NRL,2017,ALL,Penrith Panthers,7,16,
NRL,2017,ALL,North Queensland Cowboys,8,16,
NRL,2017,ALL,St George Illawarra Dragons,9,16,
NRL,2017,ALL,Canberra Raiders,10,16,
NRL,2017,ALL,Canterbury Bankstown Bulldogs,11,16,
NRL,2017,ALL,South Sydney Rabbitohs,12,16,
NRL,2017,ALL,Warriors,13,16,
NRL,2017,ALL,Wests Tigers,14,16,
NRL,2017,ALL,Gold Coast Titans,15,16,
NRL,2017,ALL,Newcastle Knights,16,16,
NRL,2018,ALL,Sydney Roosters,1,16,
NRL,2018,ALL,Melbourne Storm,2,16,
NRL,2018,ALL,South Sydney Rabbitohs,3,16,
NRL,2018,ALL,Cronulla Sutherland Sharks,4,16,
NRL,2018,ALL,Brisbane Broncos,5,16,
NRL,2018,ALL,Penrith Panthers,6,16,
NRL,2018,ALL,St George Illawarra Dragons,7,16,
NRL,2018,ALL,Warriors,8,16,
NRL,2018,ALL,Wests Tigers,9,16,
NRL,2018,ALL,Canberra Raiders,10,16,
NRL,2018,ALL,Newcastle Knights,11,16,
NRL,2018,ALL,Canterbury Bankstown Bulldogs,12,16,
NRL,2018,ALL,North Queensland Cowboys,13,16,
NRL,2018,ALL,Gold Coast Titans,14,16,
NRL,2018,ALL,Manly Warringah Sea Eagles,15,16,
NRL,2018,ALL,Parramatta Eels,16,16,
NRL,2019,ALL,Melbourne Storm,1,16,
NRL,2019,ALL,Sydney Roosters,2,16,
NRL,2019,ALL,South Sydney Rabbitohs,3,16,
NRL,2019,ALL,Canberra Raiders,4,16,
NRL,2019,ALL,Parramatta Eels,5,16,
NRL,2019,ALL,Manly Warringah Sea Eagles,6,16,
NRL,2019,ALL,Cronulla Sutherland Sharks,7,16,
NRL,2019,ALL,Brisbane Broncos,8,16,
NRL,2019,ALL,Wests Tigers,9,16,
NRL,2019,ALL,Penrith Panthers,10,16,
NRL,2019,ALL,Newcastle Knights,11,16,
NRL,2019,ALL,Canterbury Bankstown Bulldogs,12,16,
NRL,2019,ALL,Warriors,13,16,
NRL,2019,ALL,North Queensland Cowboys,14,16,
NRL,2019,ALL,St George Illawarra Dragons,15,16,
NRL,2019,ALL,Gold Coast Titans,16,16,
NRL,2020,ALL,Penrith Panthers,1,16,
NRL,2020,ALL,Melbourne Storm,2,16,
NRL,2020,ALL,Parramatta Eels,3,16,
NRL,2020,ALL,Sydney Roosters,4,16,
NRL,2020,ALL,Canberra Raiders,5,16,
NRL,2020,ALL,South Sydney Rabbitohs,6,16,
NRL,2020,ALL,Newcastle Knights,7,16,
NRL,2020,ALL,Cronulla Sutherland Sharks,8,16,
NRL,2020,ALL,Gold Coast Titans,9,16,
NRL,2020,ALL,Warriors,10,16,
NRL,2020,ALL,Wests Tigers,11,16,
NRL,2020,ALL,St George Illawarra Dragons,12,16,
NRL,2020,ALL,Manly Warringah Sea Eagles,13,16,
NRL,2020,ALL,North Queensland Cowboys,14,16,
NRL,2020,ALL,Canterbury Bankstown Bulldogs,15,16,
NRL,2020,ALL,Brisbane Broncos,16,16,
NRL,2021,ALL,Melbourne Storm,1,16,
NRL,2021,ALL,Penrith Panthers,2,16,
NRL,2021,ALL,South Sydney Rabbitohs,3,16,
NRL,2021,ALL,Manly Warringah Sea Eagles,4,16,
NRL,2021,ALL,Sydney Roosters,5,16,
NRL,2021,ALL,Parramatta Eels,6,16,
NRL,2021,ALL,Newcastle Knights,7,16,
NRL,2021,ALL,Gold Coast Titans,8,16,
NRL,2021,ALL,Cronulla Sutherland Sharks,9,16,
NRL,2021,ALL,Canberra Raiders,10,16,
NRL,2021,ALL,St George Illawarra Dragons,11,16,
NRL,2021,ALL,Warriors,12,16,
NRL,2021,ALL,Wests Tigers,13,16,
NRL,2021,ALL,Brisbane Broncos,14,16,
NRL,2021,ALL,North Queensland Cowboys,15,16,
NRL,2021,ALL,Canterbury Bankstown Bulldogs,16,16,
NRL,2022,ALL,Penrith Panthers,1,16,
NRL,2022,ALL,Cronulla Sutherland Sharks,2,16,
NRL,2022,ALL,North Queensland Cowboys,3,16,
NRL,2022,ALL,Parramatta Eels,4,16,
NRL,2022,ALL,Melbourne Storm,5,16,
NRL,2022,ALL,Sydney Roosters,6,16,
NRL,2022,ALL,South Sydney Rabbitohs,7,16,
NRL,2022,ALL,Canberra Raiders,8,16,
NRL,2022,ALL,Brisbane Broncos,9,16,
NRL,2022,ALL,St George Illawarra Dragons,10,16,
NRL,2022,ALL,Manly Warringah Sea Eagles,11,16,
NRL,2022,ALL,Canterbury Bankstown Bulldogs,12,16,
NRL,2022,ALL,Gold Coast Titans,13,16,
NRL,2022,ALL,Newcastle Knights,14,16,
NRL,2022,ALL,Warriors,15,16,
NRL,2022,ALL,Wests Tigers,16,16,
